movement_id,product_id,type,quantity,old_quantity,new_quantity,unit_price,note,created_at
MOV00001,PROD0001,IMPORT,36,0,36,22000,Tồn đầu kỳ từ dữ liệu đã làm sạch,2025-02-06
MOV00002,PROD0002,IMPORT,68,0,68,19000,Tồn đầu kỳ từ dữ liệu đã làm sạch,2025-01-07
MOV00003,PROD0003,IMPORT,50,0,50,15000,Tồn đầu kỳ từ dữ liệu đã làm sạch,2024-12-21
MOV00004,PROD0004,IMPORT,60,0,60,13000,Tồn đầu kỳ từ dữ liệu đã làm sạch,2025-02-18
MOV00005,PROD0005,IMPORT,38,0,38,20000,Tồn đầu kỳ từ dữ liệu đã làm sạch,2024-11-07
MOV00006,PROD0006,IMPORT,50,0,50,12000,Tồn đầu kỳ từ dữ liệu đã làm sạch,2024-12-13
MOV00007,PROD0007,IMPORT,40,0,40,16000,Tồn đầu kỳ từ dữ liệu đã làm sạch,2025-01-28
MOV00008,PROD0008,IMPORT,89,0,89,23000,Tồn đầu kỳ từ dữ liệu đã làm sạch,2024-07-27
MOV00009,PROD0009,IMPORT,62,0,62,10000,Tồn đầu kỳ từ dữ liệu đã làm sạch,2024-12-16
MOV00010,PROD0010,IMPORT,47,0,47,15000,Tồn đầu kỳ từ dữ liệu đã làm sạch,2025-01-10
MOV00011,PROD0011,IMPORT,50,0,50,72000,Tồn đầu kỳ từ dữ liệu đã làm sạch,2025-01-04
MOV00012,PROD0012,IMPORT,50,0,50,55000,Tồn đầu kỳ từ dữ liệu đã làm sạch,2025-02-03
MOV00013,PROD0013,IMPORT,45,0,45,19000,Tồn đầu kỳ từ dữ liệu đã làm sạch,2025-01-06
MOV00014,PROD0014,IMPORT,52,0,52,45000,Tồn đầu kỳ từ dữ liệu đã làm sạch,2025-01-09
MOV00015,PROD0015,IMPORT,45,0,45,31000,Tồn đầu kỳ từ dữ liệu đã làm sạch,2025-01-23
MOV00016,PROD0016,IMPORT,54,0,54,117000,Tồn đầu kỳ từ dữ liệu đã làm sạch,2025-01-28
MOV00017,PROD0017,IMPORT,59,0,59,40000,Tồn đầu kỳ từ dữ liệu đã làm sạch,2024-12-05
MOV00018,PROD0018,IMPORT,59,0,59,100000,Tồn đầu kỳ từ dữ liệu đã làm sạch,2025-01-07
MOV00019,PROD0019,IMPORT,48,0,48,12000,Tồn đầu kỳ từ dữ liệu đã làm sạch,2025-01-03
MOV00020,PROD0020,IMPORT,52,0,52,10000,Tồn đầu kỳ từ dữ liệu đã làm sạch,2024-11-22
MOV00021,PROD0021,IMPORT,64,0,64,38000,Tồn đầu kỳ từ dữ liệu đã làm sạch,2025-02-08
MOV00022,PROD0022,IMPORT,76,0,76,32000,Tồn đầu kỳ từ dữ liệu đã làm sạch,2025-02-01
MOV00023,PROD0023,IMPORT,68,0,68,18000,Tồn đầu kỳ từ dữ liệu đã làm sạch,2025-01-02
MOV00024,PROD0024,IMPORT,46,0,46,9000,Tồn đầu kỳ từ dữ liệu đã làm sạch,2025-01-05
MOV00025,PROD0025,IMPORT,36,0,36,4000,Tồn đầu kỳ từ dữ liệu đã làm sạch,2025-02-07
MOV00026,PROD0026,IMPORT,44,0,44,4000,Tồn đầu kỳ từ dữ liệu đã làm sạch,2024-12-23
MOV00027,PROD0027,IMPORT,50,0,50,9000,Tồn đầu kỳ từ dữ liệu đã làm sạch,2025-02-15
MOV00028,PROD0028,IMPORT,86,0,86,4000,Tồn đầu kỳ từ dữ liệu đã làm sạch,2025-02-09
MOV00029,PROD0029,IMPORT,50,0,50,10000,Tồn đầu kỳ từ dữ liệu đã làm sạch,2024-12-17
MOV00030,PROD0030,IMPORT,44,0,44,8000,Tồn đầu kỳ từ dữ liệu đã làm sạch,2025-02-01
MOV00031,PROD0031,IMPORT,92,0,92,29000,Tồn đầu kỳ từ dữ liệu đã làm sạch,2025-01-30
MOV00032,PROD0032,IMPORT,68,0,68,29000,Tồn đầu kỳ từ dữ liệu đã làm sạch,2025-02-13
MOV00033,PROD0033,IMPORT,62,0,62,11000,Tồn đầu kỳ từ dữ liệu đã làm sạch,2025-01-20
MOV00034,PROD0034,IMPORT,74,0,74,15000,Tồn đầu kỳ từ dữ liệu đã làm sạch,2025-02-21
MOV00035,PROD0035,IMPORT,18,0,18,4000,Tồn đầu kỳ từ dữ liệu đã làm sạch,2024-11-06
MOV00036,PROD0036,IMPORT,45,0,45,26000,Tồn đầu kỳ từ dữ liệu đã làm sạch,2025-02-10
MOV00037,PROD0037,IMPORT,63,0,63,46000,Tồn đầu kỳ từ dữ liệu đã làm sạch,2025-01-26
MOV00038,PROD0038,IMPORT,64,0,64,23000,Tồn đầu kỳ từ dữ liệu đã làm sạch,2025-02-10
MOV00039,PROD0039,IMPORT,36,0,36,16000,Tồn đầu kỳ từ dữ liệu đã làm sạch,2025-02-01
MOV00040,PROD0040,IMPORT,67,0,67,32000,Tồn đầu kỳ từ dữ liệu đã làm sạch,2025-01-19
MOV00041,PROD0041,IMPORT,66,0,66,16000,Tồn đầu kỳ từ dữ liệu đã làm sạch,2025-02-19
MOV00042,PROD0042,IMPORT,76,0,76,7000,Tồn đầu kỳ từ dữ liệu đã làm sạch,2025-02-12
MOV00043,PROD0043,IMPORT,71,0,71,15000,Tồn đầu kỳ từ dữ liệu đã làm sạch,2025-01-29
MOV00044,PROD0044,IMPORT,73,0,73,18000,Tồn đầu kỳ từ dữ liệu đã làm sạch,2025-01-31
MOV00045,PROD0045,IMPORT,57,0,57,18000,Tồn đầu kỳ từ dữ liệu đã làm sạch,2025-01-14
MOV00046,PROD0046,IMPORT,69,0,69,129000,Tồn đầu kỳ từ dữ liệu đã làm sạch,2024-09-17
MOV00047,PROD0047,IMPORT,80,0,80,17000,Tồn đầu kỳ từ dữ liệu đã làm sạch,2025-01-17
MOV00048,PROD0048,IMPORT,48,0,48,38000,Tồn đầu kỳ từ dữ liệu đã làm sạch,2025-01-17
MOV00049,PROD0049,IMPORT,60,0,60,16000,Tồn đầu kỳ từ dữ liệu đã làm sạch,2025-02-20
MOV00050,PROD0050,IMPORT,76,0,76,4000,Tồn đầu kỳ từ dữ liệu đã làm sạch,2024-12-23
MOV00051,PROD0051,IMPORT,67,0,67,6000,Tồn đầu kỳ từ dữ liệu đã làm sạch,2025-02-14
MOV00052,PROD0052,IMPORT,60,0,60,10000,Tồn đầu kỳ từ dữ liệu đã làm sạch,2025-01-13
MOV00053,PROD0053,IMPORT,36,0,36,33000,Tồn đầu kỳ từ dữ liệu đã làm sạch,2024-12-25
MOV00054,PROD0054,IMPORT,56,0,56,21000,Tồn đầu kỳ từ dữ liệu đã làm sạch,2024-12-18
MOV00055,PROD0055,IMPORT,38,0,38,6000,Tồn đầu kỳ từ dữ liệu đã làm sạch,2025-02-20
MOV00056,PROD0056,IMPORT,48,0,48,11000,Tồn đầu kỳ từ dữ liệu đã làm sạch,2025-01-19
MOV00057,PROD0057,IMPORT,38,0,38,26000,Tồn đầu kỳ từ dữ liệu đã làm sạch,2024-07-13
MOV00058,PROD0058,IMPORT,56,0,56,21000,Tồn đầu kỳ từ dữ liệu đã làm sạch,2025-02-12
MOV00059,PROD0059,IMPORT,45,0,45,180000,Tồn đầu kỳ từ dữ liệu đã làm sạch,2025-01-08
MOV00060,PROD0060,IMPORT,36,0,36,8000,Tồn đầu kỳ từ dữ liệu đã làm sạch,2025-01-09
MOV00061,PROD0061,IMPORT,61,0,61,16000,Tồn đầu kỳ từ dữ liệu đã làm sạch,2024-12-19
MOV00062,PROD0062,IMPORT,42,0,42,24000,Tồn đầu kỳ từ dữ liệu đã làm sạch,2025-02-06
MOV00063,PROD0063,IMPORT,65,0,65,10000,Tồn đầu kỳ từ dữ liệu đã làm sạch,2025-01-28
MOV00064,PROD0064,IMPORT,73,0,73,8000,Tồn đầu kỳ từ dữ liệu đã làm sạch,2025-01-15
MOV00065,PROD0065,IMPORT,29,0,29,8000,Tồn đầu kỳ từ dữ liệu đã làm sạch,2025-02-17
MOV00066,PROD0066,IMPORT,61,0,61,18000,Tồn đầu kỳ từ dữ liệu đã làm sạch,2025-02-24
MOV00067,PROD0067,IMPORT,58,0,58,22000,Tồn đầu kỳ từ dữ liệu đã làm sạch,2025-01-06
MOV00068,PROD0068,IMPORT,39,0,39,7000,Tồn đầu kỳ từ dữ liệu đã làm sạch,2025-02-13
MOV00069,PROD0069,IMPORT,81,0,81,11000,Tồn đầu kỳ từ dữ liệu đã làm sạch,2025-02-07
MOV00070,PROD0070,IMPORT,52,0,52,17000,Tồn đầu kỳ từ dữ liệu đã làm sạch,2025-02-09
MOV00071,PROD0071,IMPORT,45,0,45,16000,Tồn đầu kỳ từ dữ liệu đã làm sạch,2025-02-21
MOV00072,PROD0072,IMPORT,61,0,61,17000,Tồn đầu kỳ từ dữ liệu đã làm sạch,2024-12-31
MOV00073,PROD0073,IMPORT,62,0,62,12000,Tồn đầu kỳ từ dữ liệu đã làm sạch,2024-12-13
MOV00074,PROD0074,IMPORT,46,0,46,15000,Tồn đầu kỳ từ dữ liệu đã làm sạch,2024-11-26
MOV00075,PROD0075,IMPORT,32,0,32,17000,Tồn đầu kỳ từ dữ liệu đã làm sạch,2024-12-12
MOV00076,PROD0076,IMPORT,59,0,59,25000,Tồn đầu kỳ từ dữ liệu đã làm sạch,2025-02-10
MOV00077,PROD0077,IMPORT,28,0,28,4000,Tồn đầu kỳ từ dữ liệu đã làm sạch,2025-01-19
MOV00078,PROD0078,IMPORT,53,0,53,9000,Tồn đầu kỳ từ dữ liệu đã làm sạch,2024-10-07
MOV00079,PROD0079,IMPORT,42,0,42,22000,Tồn đầu kỳ từ dữ liệu đã làm sạch,2024-09-30
MOV00080,PROD0080,IMPORT,72,0,72,8000,Tồn đầu kỳ từ dữ liệu đã làm sạch,2024-12-01
MOV00081,PROD0081,IMPORT,44,0,44,9000,Tồn đầu kỳ từ dữ liệu đã làm sạch,2024-12-15
MOV00082,PROD0082,IMPORT,53,0,53,12000,Tồn đầu kỳ từ dữ liệu đã làm sạch,2025-01-22
MOV00083,PROD0083,IMPORT,56,0,56,10000,Tồn đầu kỳ từ dữ liệu đã làm sạch,2025-02-19
MOV00084,PROD0084,IMPORT,54,0,54,7000,Tồn đầu kỳ từ dữ liệu đã làm sạch,2024-12-03
MOV00085,PROD0085,IMPORT,74,0,74,39000,Tồn đầu kỳ từ dữ liệu đã làm sạch,2025-01-23
MOV00086,PROD0086,IMPORT,54,0,54,18000,Tồn đầu kỳ từ dữ liệu đã làm sạch,2024-11-26
MOV00087,PROD0087,IMPORT,40,0,40,18000,Tồn đầu kỳ từ dữ liệu đã làm sạch,2024-12-08
MOV00088,PROD0088,IMPORT,58,0,58,22000,Tồn đầu kỳ từ dữ liệu đã làm sạch,2025-01-05
MOV00089,PROD0089,IMPORT,63,0,63,6000,Tồn đầu kỳ từ dữ liệu đã làm sạch,2025-02-16
MOV00090,PROD0090,IMPORT,44,0,44,9000,Tồn đầu kỳ từ dữ liệu đã làm sạch,2024-12-06
MOV00091,PROD0091,IMPORT,40,0,40,12000,Tồn đầu kỳ từ dữ liệu đã làm sạch,2024-10-25
MOV00092,PROD0092,IMPORT,49,0,49,19000,Tồn đầu kỳ từ dữ liệu đã làm sạch,2025-02-19
MOV00093,PROD0093,IMPORT,46,0,46,19000,Tồn đầu kỳ từ dữ liệu đã làm sạch,2025-02-22
MOV00094,PROD0094,IMPORT,62,0,62,6000,Tồn đầu kỳ từ dữ liệu đã làm sạch,2025-02-19
MOV00095,PROD0095,IMPORT,63,0,63,10000,Tồn đầu kỳ từ dữ liệu đã làm sạch,2025-02-05
MOV00096,PROD0096,IMPORT,72,0,72,7000,Tồn đầu kỳ từ dữ liệu đã làm sạch,2024-09-29
MOV00097,PROD0097,IMPORT,31,0,31,8000,Tồn đầu kỳ từ dữ liệu đã làm sạch,2024-11-16
MOV00098,PROD0098,IMPORT,53,0,53,13000,Tồn đầu kỳ từ dữ liệu đã làm sạch,2025-01-21
MOV00099,PROD0099,IMPORT,42,0,42,16000,Tồn đầu kỳ từ dữ liệu đã làm sạch,2025-02-13
MOV00100,PROD0100,IMPORT,37,0,37,7000,Tồn đầu kỳ từ dữ liệu đã làm sạch,2025-01-06
MOV00101,PROD0101,IMPORT,38,0,38,7000,Tồn đầu kỳ từ dữ liệu đã làm sạch,2024-12-31
MOV00102,PROD0102,IMPORT,60,0,60,11000,Tồn đầu kỳ từ dữ liệu đã làm sạch,2025-02-23
MOV00103,PROD0103,IMPORT,44,0,44,38000,Tồn đầu kỳ từ dữ liệu đã làm sạch,2024-11-25
MOV00104,PROD0104,IMPORT,30,0,30,39000,Tồn đầu kỳ từ dữ liệu đã làm sạch,2024-10-04
MOV00105,PROD0105,IMPORT,69,0,69,10000,Tồn đầu kỳ từ dữ liệu đã làm sạch,2025-01-14
MOV00106,PROD0106,IMPORT,72,0,72,20000,Tồn đầu kỳ từ dữ liệu đã làm sạch,2024-11-26
MOV00107,PROD0107,IMPORT,32,0,32,10000,Tồn đầu kỳ từ dữ liệu đã làm sạch,2025-01-25
MOV00108,PROD0108,IMPORT,50,0,50,25000,Tồn đầu kỳ từ dữ liệu đã làm sạch,2024-10-24
MOV00109,PROD0109,IMPORT,51,0,51,8000,Tồn đầu kỳ từ dữ liệu đã làm sạch,2024-10-31
MOV00110,PROD0110,IMPORT,49,0,49,14000,Tồn đầu kỳ từ dữ liệu đã làm sạch,2025-01-30
MOV00111,PROD0111,IMPORT,64,0,64,23000,Tồn đầu kỳ từ dữ liệu đã làm sạch,2025-01-28
MOV00112,PROD0112,IMPORT,60,0,60,9000,Tồn đầu kỳ từ dữ liệu đã làm sạch,2025-01-21
MOV00113,PROD0113,IMPORT,51,0,51,8000,Tồn đầu kỳ từ dữ liệu đã làm sạch,2025-02-23
MOV00114,PROD0114,IMPORT,81,0,81,38000,Tồn đầu kỳ từ dữ liệu đã làm sạch,2025-02-19
MOV00115,PROD0115,IMPORT,56,0,56,31000,Tồn đầu kỳ từ dữ liệu đã làm sạch,2025-02-24
MOV00116,PROD0116,IMPORT,64,0,64,36000,Tồn đầu kỳ từ dữ liệu đã làm sạch,2025-02-14
MOV00117,PROD0117,IMPORT,44,0,44,80000,Tồn đầu kỳ từ dữ liệu đã làm sạch,2025-02-17
MOV00118,PROD0118,IMPORT,76,0,76,31000,Tồn đầu kỳ từ dữ liệu đã làm sạch,2025-02-14
MOV00119,PROD0119,IMPORT,78,0,78,62000,Tồn đầu kỳ từ dữ liệu đã làm sạch,2025-02-24
MOV00120,PROD0120,IMPORT,44,0,44,25000,Tồn đầu kỳ từ dữ liệu đã làm sạch,2025-01-26
MOV00121,PROD0121,IMPORT,68,0,68,25000,Tồn đầu kỳ từ dữ liệu đã làm sạch,2025-01-26
MOV00122,PROD0122,IMPORT,71,0,71,44000,Tồn đầu kỳ từ dữ liệu đã làm sạch,2025-02-14
MOV00123,PROD0123,IMPORT,72,0,72,67000,Tồn đầu kỳ từ dữ liệu đã làm sạch,2025-01-02
MOV00124,PROD0073,SALE,2,62,60,15000,Xuất kho bán hàng ORD00001,2025-01-01
MOV00125,PROD0003,SALE,2,50,48,20000,Xuất kho bán hàng ORD00001,2025-01-01
MOV00126,PROD0063,SALE,2,65,63,12000,Xuất kho bán hàng ORD00001,2025-01-01
MOV00127,PROD0108,SALE,1,50,49,30000,Xuất kho bán hàng ORD00002,2025-01-01
MOV00128,PROD0046,SALE,3,69,66,173000,Xuất kho bán hàng ORD00003,2025-01-01
MOV00129,PROD0121,SALE,3,68,65,35000,Xuất kho bán hàng ORD00003,2025-01-01
MOV00130,PROD0081,SALE,3,44,41,12000,Xuất kho bán hàng ORD00003,2025-01-01
MOV00131,PROD0101,SALE,1,38,37,10000,Xuất kho bán hàng ORD00004,2025-01-01
MOV00132,PROD0076,SALE,2,59,57,30000,Xuất kho bán hàng ORD00004,2025-01-01
MOV00133,PROD0070,SALE,3,52,49,22000,Xuất kho bán hàng ORD00004,2025-01-01
MOV00134,PROD0073,SALE,3,60,57,15000,Xuất kho bán hàng ORD00005,2025-01-02
MOV00135,PROD0044,SALE,3,73,70,25000,Xuất kho bán hàng ORD00005,2025-01-02
MOV00136,PROD0048,SALE,3,48,45,50000,Xuất kho bán hàng ORD00006,2025-01-02
MOV00137,PROD0026,SALE,2,44,42,5000,Xuất kho bán hàng ORD00006,2025-01-02
MOV00138,PROD0055,SALE,2,38,36,9000,Xuất kho bán hàng ORD00006,2025-01-02
MOV00139,PROD0076,SALE,2,57,55,30000,Xuất kho bán hàng ORD00007,2025-01-02
MOV00140,PROD0068,SALE,2,39,37,10000,Xuất kho bán hàng ORD00008,2025-01-02
MOV00141,PROD0003,SALE,2,48,46,20000,Xuất kho bán hàng ORD00008,2025-01-02
MOV00142,PROD0001,SALE,3,36,33,30000,Xuất kho bán hàng ORD00008,2025-01-02
MOV00143,PROD0036,SALE,3,45,42,35000,Xuất kho bán hàng ORD00008,2025-01-02
MOV00144,PROD0058,SALE,1,56,55,28000,Xuất kho bán hàng ORD00009,2025-01-02
MOV00145,PROD0034,SALE,1,74,73,20000,Xuất kho bán hàng ORD00010,2025-01-02
MOV00146,PROD0020,SALE,3,52,49,12000,Xuất kho bán hàng ORD00010,2025-01-02
MOV00147,PROD0031,SALE,3,92,89,35000,Xuất kho bán hàng ORD00010,2025-01-02
MOV00148,PROD0051,SALE,1,67,66,8000,Xuất kho bán hàng ORD00010,2025-01-02
MOV00149,PROD0033,SALE,1,62,61,15000,Xuất kho bán hàng ORD00011,2025-01-02
MOV00150,PROD0082,SALE,3,53,50,15000,Xuất kho bán hàng ORD00012,2025-01-03
MOV00151,PROD0105,SALE,1,69,68,12000,Xuất kho bán hàng ORD00012,2025-01-03
MOV00152,PROD0095,SALE,1,63,62,12000,Xuất kho bán hàng ORD00013,2025-01-03
MOV00153,PROD0120,SALE,1,44,43,30000,Xuất kho bán hàng ORD00013,2025-01-03
MOV00154,PROD0106,SALE,1,72,71,25000,Xuất kho bán hàng ORD00014,2025-01-03
MOV00155,PROD0074,SALE,2,46,44,18000,Xuất kho bán hàng ORD00014,2025-01-03
MOV00156,PROD0061,SALE,1,61,60,20000,Xuất kho bán hàng ORD00014,2025-01-03
MOV00157,PROD0105,SALE,1,68,67,12000,Xuất kho bán hàng ORD00014,2025-01-03
MOV00158,PROD0111,SALE,1,64,63,32000,Xuất kho bán hàng ORD00015,2025-01-03
MOV00159,PROD0004,SALE,2,60,58,17000,Xuất kho bán hàng ORD00015,2025-01-03
MOV00160,PROD0071,SALE,3,45,42,20000,Xuất kho bán hàng ORD00016,2025-01-03
MOV00161,PROD0043,SALE,2,71,69,18000,Xuất kho bán hàng ORD00017,2025-01-03
MOV00162,PROD0039,SALE,2,36,34,20000,Xuất kho bán hàng ORD00017,2025-01-03
MOV00163,PROD0047,SALE,3,80,77,22000,Xuất kho bán hàng ORD00018,2025-01-03
MOV00164,PROD0042,SALE,2,76,74,9000,Xuất kho bán hàng ORD00018,2025-01-03
MOV00165,PROD0119,SALE,2,78,76,75000,Xuất kho bán hàng ORD00019,2025-01-03
MOV00166,PROD0009,SALE,3,62,59,12000,Xuất kho bán hàng ORD00020,2025-01-04
MOV00167,PROD0105,SALE,1,67,66,12000,Xuất kho bán hàng ORD00020,2025-01-04
MOV00168,PROD0002,SALE,1,68,67,25000,Xuất kho bán hàng ORD00020,2025-01-04
MOV00169,PROD0032,SALE,3,68,65,35000,Xuất kho bán hàng ORD00020,2025-01-04
MOV00170,PROD0086,SALE,2,54,52,22000,Xuất kho bán hàng ORD00021,2025-01-04
MOV00171,PROD0023,SALE,2,68,66,25000,Xuất kho bán hàng ORD00022,2025-01-04
MOV00172,PROD0048,SALE,1,45,44,50000,Xuất kho bán hàng ORD00023,2025-01-04
MOV00173,PROD0004,SALE,2,58,56,17000,Xuất kho bán hàng ORD00023,2025-01-04
MOV00174,PROD0084,SALE,2,54,52,9000,Xuất kho bán hàng ORD00024,2025-01-05
MOV00175,PROD0093,SALE,1,46,45,24000,Xuất kho bán hàng ORD00024,2025-01-05
MOV00176,PROD0117,SALE,2,44,42,100000,Xuất kho bán hàng ORD00024,2025-01-05
MOV00177,PROD0119,SALE,2,76,74,75000,Xuất kho bán hàng ORD00025,2025-01-05
MOV00178,PROD0018,SALE,3,59,56,125000,Xuất kho bán hàng ORD00025,2025-01-05
MOV00179,PROD0093,SALE,1,45,44,24000,Xuất kho bán hàng ORD00025,2025-01-05
MOV00180,PROD0003,SALE,3,46,43,20000,Xuất kho bán hàng ORD00025,2025-01-05
MOV00181,PROD0068,SALE,3,37,34,10000,Xuất kho bán hàng ORD00026,2025-01-05
MOV00182,PROD0067,SALE,2,58,56,30000,Xuất kho bán hàng ORD00026,2025-01-05
MOV00183,PROD0054,SALE,2,56,54,25000,Xuất kho bán hàng ORD00026,2025-01-05
MOV00184,PROD0043,SALE,1,69,68,18000,Xuất kho bán hàng ORD00027,2025-01-05
MOV00185,PROD0078,SALE,1,53,52,12000,Xuất kho bán hàng ORD00028,2025-01-05
MOV00186,PROD0121,SALE,2,65,63,35000,Xuất kho bán hàng ORD00028,2025-01-05
MOV00187,PROD0017,SALE,2,59,57,50000,Xuất kho bán hàng ORD00028,2025-01-05
MOV00188,PROD0032,SALE,3,65,62,35000,Xuất kho bán hàng ORD00028,2025-01-05
MOV00189,PROD0027,SALE,2,50,48,12000,Xuất kho bán hàng ORD00029,2025-01-05
MOV00190,PROD0113,SALE,2,51,49,10000,Xuất kho bán hàng ORD00029,2025-01-05
MOV00191,PROD0022,SALE,1,76,75,45000,Xuất kho bán hàng ORD00029,2025-01-05
MOV00192,PROD0083,SALE,2,56,54,12000,Xuất kho bán hàng ORD00030,2025-01-06
MOV00193,PROD0097,SALE,1,31,30,10000,Xuất kho bán hàng ORD00030,2025-01-06
MOV00194,PROD0060,SALE,2,36,34,10000,Xuất kho bán hàng ORD00031,2025-01-06
MOV00195,PROD0047,SALE,2,77,75,22000,Xuất kho bán hàng ORD00031,2025-01-06
MOV00196,PROD0046,SALE,3,66,63,173000,Xuất kho bán hàng ORD00032,2025-01-06
MOV00197,PROD0082,SALE,2,50,48,15000,Xuất kho bán hàng ORD00032,2025-01-06
MOV00198,PROD0033,SALE,1,61,60,15000,Xuất kho bán hàng ORD00032,2025-01-06
MOV00199,PROD0081,SALE,3,41,38,12000,Xuất kho bán hàng ORD00032,2025-01-06
MOV00200,PROD0041,SALE,3,66,63,20000,Xuất kho bán hàng ORD00033,2025-01-06
MOV00201,PROD0042,SALE,1,74,73,9000,Xuất kho bán hàng ORD00034,2025-01-06
MOV00202,PROD0091,SALE,1,40,39,16000,Xuất kho bán hàng ORD00034,2025-01-06
MOV00203,PROD0035,SALE,3,18,15,5000,Xuất kho bán hàng ORD00034,2025-01-06
MOV00204,PROD0086,SALE,1,52,51,22000,Xuất kho bán hàng ORD00035,2025-01-07
MOV00205,PROD0016,SALE,3,54,51,150000,Xuất kho bán hàng ORD00035,2025-01-07
MOV00206,PROD0028,SALE,3,86,83,5000,Xuất kho bán hàng ORD00035,2025-01-07
MOV00207,PROD0090,SALE,1,44,43,12000,Xuất kho bán hàng ORD00035,2025-01-07
MOV00208,PROD0005,SALE,3,38,35,25000,Xuất kho bán hàng ORD00036,2025-01-07
MOV00209,PROD0073,SALE,2,57,55,15000,Xuất kho bán hàng ORD00036,2025-01-07
MOV00210,PROD0021,SALE,3,64,61,45000,Xuất kho bán hàng ORD00036,2025-01-07
MOV00211,PROD0098,SALE,2,53,51,15000,Xuất kho bán hàng ORD00036,2025-01-07
MOV00212,PROD0066,SALE,1,61,60,25000,Xuất kho bán hàng ORD00037,2025-01-07
MOV00213,PROD0009,SALE,1,59,58,12000,Xuất kho bán hàng ORD00037,2025-01-07
MOV00214,PROD0042,SALE,3,73,70,9000,Xuất kho bán hàng ORD00037,2025-01-07
MOV00215,PROD0046,SALE,3,63,60,173000,Xuất kho bán hàng ORD00038,2025-01-07
MOV00216,PROD0001,SALE,3,33,30,30000,Xuất kho bán hàng ORD00038,2025-01-07
MOV00217,PROD0120,SALE,3,43,40,30000,Xuất kho bán hàng ORD00038,2025-01-07
MOV00218,PROD0078,SALE,2,52,50,12000,Xuất kho bán hàng ORD00038,2025-01-07
MOV00219,PROD0047,SALE,1,75,74,22000,Xuất kho bán hàng ORD00039,2025-01-07
MOV00220,PROD0112,SALE,1,60,59,12000,Xuất kho bán hàng ORD00039,2025-01-07
MOV00221,PROD0019,SALE,3,48,45,15000,Xuất kho bán hàng ORD00040,2025-01-07
MOV00222,PROD0024,SALE,2,46,44,12000,Xuất kho bán hàng ORD00040,2025-01-07
MOV00223,PROD0040,SALE,3,67,64,40000,Xuất kho bán hàng ORD00040,2025-01-07
MOV00224,PROD0083,SALE,2,54,52,12000,Xuất kho bán hàng ORD00041,2025-01-07
MOV00225,PROD0096,SALE,2,72,70,8000,Xuất kho bán hàng ORD00041,2025-01-07
MOV00226,PROD0035,SALE,2,15,13,5000,Xuất kho bán hàng ORD00041,2025-01-07
MOV00227,PROD0110,SALE,2,49,47,20000,Xuất kho bán hàng ORD00042,2025-01-08
MOV00228,PROD0047,SALE,1,74,73,22000,Xuất kho bán hàng ORD00042,2025-01-08
MOV00229,PROD0071,SALE,1,42,41,20000,Xuất kho bán hàng ORD00042,2025-01-08
MOV00230,PROD0021,SALE,2,61,59,45000,Xuất kho bán hàng ORD00043,2025-01-08
MOV00231,PROD0111,SALE,2,63,61,32000,Xuất kho bán hàng ORD00043,2025-01-08
MOV00232,PROD0070,SALE,3,49,46,22000,Xuất kho bán hàng ORD00043,2025-01-08
MOV00233,PROD0068,SALE,1,34,33,10000,Xuất kho bán hàng ORD00044,2025-01-08
MOV00234,PROD0069,SALE,3,81,78,15000,Xuất kho bán hàng ORD00044,2025-01-08
MOV00235,PROD0014,SALE,3,52,49,60000,Xuất kho bán hàng ORD00044,2025-01-08
MOV00236,PROD0017,SALE,1,57,56,50000,Xuất kho bán hàng ORD00044,2025-01-08
MOV00237,PROD0021,SALE,3,59,56,45000,Xuất kho bán hàng ORD00045,2025-01-08
MOV00238,PROD0054,SALE,1,54,53,25000,Xuất kho bán hàng ORD00045,2025-01-08
MOV00239,PROD0015,SALE,3,45,42,40000,Xuất kho bán hàng ORD00046,2025-01-08
MOV00240,PROD0016,SALE,1,51,50,150000,Xuất kho bán hàng ORD00046,2025-01-08
MOV00241,PROD0104,SALE,2,30,28,50000,Xuất kho bán hàng ORD00047,2025-01-08
MOV00242,PROD0047,SALE,1,73,72,22000,Xuất kho bán hàng ORD00047,2025-01-08
MOV00243,PROD0065,SALE,2,29,27,10000,Xuất kho bán hàng ORD00047,2025-01-08
MOV00244,PROD0048,SALE,2,44,42,50000,Xuất kho bán hàng ORD00048,2025-01-08
MOV00245,PROD0054,SALE,3,53,50,25000,Xuất kho bán hàng ORD00048,2025-01-08
MOV00246,PROD0079,SALE,2,42,40,30000,Xuất kho bán hàng ORD00048,2025-01-08
MOV00247,PROD0067,SALE,3,56,53,30000,Xuất kho bán hàng ORD00049,2025-01-08
MOV00248,PROD0026,SALE,2,42,40,5000,Xuất kho bán hàng ORD00049,2025-01-08
MOV00249,PROD0006,SALE,3,50,47,15000,Xuất kho bán hàng ORD00050,2025-01-09
MOV00250,PROD0113,SALE,2,49,47,10000,Xuất kho bán hàng ORD00050,2025-01-09
MOV00251,PROD0042,SALE,2,70,68,9000,Xuất kho bán hàng ORD00050,2025-01-09
MOV00252,PROD0093,SALE,2,44,42,24000,Xuất kho bán hàng ORD00051,2025-01-09
MOV00253,PROD0111,SALE,1,61,60,32000,Xuất kho bán hàng ORD00052,2025-01-09
MOV00254,PROD0037,SALE,1,63,62,60000,Xuất kho bán hàng ORD00052,2025-01-09
MOV00255,PROD0039,SALE,2,34,32,20000,Xuất kho bán hàng ORD00052,2025-01-09
MOV00256,PROD0090,SALE,1,43,42,12000,Xuất kho bán hàng ORD00052,2025-01-09
MOV00257,PROD0037,SALE,2,62,60,60000,Xuất kho bán hàng ORD00053,2025-01-09
MOV00258,PROD0084,SALE,1,52,51,9000,Xuất kho bán hàng ORD00053,2025-01-09
MOV00259,PROD0094,SALE,1,62,61,8000,Xuất kho bán hàng ORD00053,2025-01-09
MOV00260,PROD0120,SALE,3,40,37,30000,Xuất kho bán hàng ORD00054,2025-01-09
MOV00261,PROD0055,SALE,3,36,33,9000,Xuất kho bán hàng ORD00055,2025-01-10
MOV00262,PROD0081,SALE,1,38,37,12000,Xuất kho bán hàng ORD00055,2025-01-10
MOV00263,PROD0069,SALE,1,78,77,15000,Xuất kho bán hàng ORD00055,2025-01-10
MOV00264,PROD0079,SALE,2,40,38,30000,Xuất kho bán hàng ORD00056,2025-01-10
MOV00265,PROD0083,SALE,2,52,50,12000,Xuất kho bán hàng ORD00056,2025-01-10
MOV00266,PROD0002,SALE,1,67,66,25000,Xuất kho bán hàng ORD00056,2025-01-10
MOV00267,PROD0116,SALE,2,64,62,45000,Xuất kho bán hàng ORD00057,2025-01-10
MOV00268,PROD0052,SALE,3,60,57,12000,Xuất kho bán hàng ORD00057,2025-01-10
MOV00269,PROD0067,SALE,2,53,51,30000,Xuất kho bán hàng ORD00057,2025-01-10
MOV00270,PROD0055,SALE,3,33,30,9000,Xuất kho bán hàng ORD00057,2025-01-10
MOV00271,PROD0028,SALE,1,83,82,5000,Xuất kho bán hàng ORD00058,2025-01-10
MOV00272,PROD0103,SALE,1,44,43,50000,Xuất kho bán hàng ORD00059,2025-01-10
MOV00273,PROD0098,SALE,1,51,50,15000,Xuất kho bán hàng ORD00059,2025-01-10
MOV00274,PROD0028,SALE,1,82,81,5000,Xuất kho bán hàng ORD00060,2025-01-10
MOV00275,PROD0032,SALE,2,62,60,35000,Xuất kho bán hàng ORD00060,2025-01-10
MOV00276,PROD0048,SALE,3,42,39,50000,Xuất kho bán hàng ORD00060,2025-01-10
MOV00277,PROD0110,SALE,1,47,46,20000,Xuất kho bán hàng ORD00060,2025-01-10
MOV00278,PROD0123,SALE,3,72,69,90000,Xuất kho bán hàng ORD00061,2025-01-11
MOV00279,PROD0009,SALE,3,58,55,12000,Xuất kho bán hàng ORD00061,2025-01-11
MOV00280,PROD0001,SALE,2,30,28,30000,Xuất kho bán hàng ORD00061,2025-01-11
MOV00281,PROD0036,SALE,3,42,39,35000,Xuất kho bán hàng ORD00062,2025-01-11
MOV00282,PROD0090,SALE,2,42,40,12000,Xuất kho bán hàng ORD00062,2025-01-11
MOV00283,PROD0082,SALE,1,48,47,15000,Xuất kho bán hàng ORD00062,2025-01-11
MOV00284,PROD0004,SALE,3,56,53,17000,Xuất kho bán hàng ORD00063,2025-01-11
MOV00285,PROD0017,SALE,1,56,55,50000,Xuất kho bán hàng ORD00063,2025-01-11
MOV00286,PROD0028,SALE,3,81,78,5000,Xuất kho bán hàng ORD00063,2025-01-11
MOV00287,PROD0116,SALE,1,62,61,45000,Xuất kho bán hàng ORD00063,2025-01-11
MOV00288,PROD0069,SALE,2,77,75,15000,Xuất kho bán hàng ORD00064,2025-01-11
MOV00289,PROD0020,SALE,2,49,47,12000,Xuất kho bán hàng ORD00065,2025-01-12
MOV00290,PROD0045,SALE,3,57,54,25000,Xuất kho bán hàng ORD00065,2025-01-12
MOV00291,PROD0024,SALE,3,44,41,12000,Xuất kho bán hàng ORD00065,2025-01-12
MOV00292,PROD0040,SALE,3,64,61,40000,Xuất kho bán hàng ORD00066,2025-01-12
MOV00293,PROD0011,SALE,2,50,48,100000,Xuất kho bán hàng ORD00066,2025-01-12
MOV00294,PROD0027,SALE,3,48,45,12000,Xuất kho bán hàng ORD00067,2025-01-12
MOV00295,PROD0082,SALE,1,47,46,15000,Xuất kho bán hàng ORD00067,2025-01-12
MOV00296,PROD0023,SALE,3,66,63,25000,Xuất kho bán hàng ORD00067,2025-01-12
MOV00297,PROD0009,SALE,2,55,53,12000,Xuất kho bán hàng ORD00067,2025-01-12
MOV00298,PROD0003,SALE,1,43,42,20000,Xuất kho bán hàng ORD00068,2025-01-12
MOV00299,PROD0039,SALE,2,32,30,20000,Xuất kho bán hàng ORD00068,2025-01-12
MOV00300,PROD0092,SALE,1,49,48,25000,Xuất kho bán hàng ORD00068,2025-01-12
MOV00301,PROD0025,SALE,2,36,34,5000,Xuất kho bán hàng ORD00069,2025-01-12
MOV00302,PROD0041,SALE,1,63,62,20000,Xuất kho bán hàng ORD00069,2025-01-12
MOV00303,PROD0078,SALE,3,50,47,12000,Xuất kho bán hàng ORD00069,2025-01-12
MOV00304,PROD0009,SALE,2,53,51,12000,Xuất kho bán hàng ORD00070,2025-01-12
MOV00305,PROD0024,SALE,2,41,39,12000,Xuất kho bán hàng ORD00070,2025-01-12
MOV00306,PROD0053,SALE,3,36,33,40000,Xuất kho bán hàng ORD00070,2025-01-12
MOV00307,PROD0096,SALE,1,70,69,8000,Xuất kho bán hàng ORD00070,2025-01-12
MOV00308,PROD0116,SALE,1,61,60,45000,Xuất kho bán hàng ORD00071,2025-01-13
MOV00309,PROD0042,SALE,1,68,67,9000,Xuất kho bán hàng ORD00072,2025-01-13
MOV00310,PROD0105,SALE,2,66,64,12000,Xuất kho bán hàng ORD00072,2025-01-13
MOV00311,PROD0073,SALE,2,55,53,15000,Xuất kho bán hàng ORD00072,2025-01-13
MOV00312,PROD0027,SALE,2,45,43,12000,Xuất kho bán hàng ORD00073,2025-01-13
MOV00313,PROD0082,SALE,3,46,43,15000,Xuất kho bán hàng ORD00073,2025-01-13
MOV00314,PROD0041,SALE,2,62,60,20000,Xuất kho bán hàng ORD00074,2025-01-13
MOV00315,PROD0088,SALE,2,58,56,31000,Xuất kho bán hàng ORD00074,2025-01-13
MOV00316,PROD0091,SALE,1,39,38,16000,Xuất kho bán hàng ORD00074,2025-01-13
MOV00317,PROD0115,SALE,3,56,53,40000,Xuất kho bán hàng ORD00075,2025-01-13
MOV00318,PROD0093,SALE,1,42,41,24000,Xuất kho bán hàng ORD00075,2025-01-13
MOV00319,PROD0039,SALE,3,30,27,20000,Xuất kho bán hàng ORD00075,2025-01-13
MOV00320,PROD0014,SALE,2,49,47,60000,Xuất kho bán hàng ORD00075,2025-01-13
MOV00321,PROD0054,SALE,2,50,48,25000,Xuất kho bán hàng ORD00076,2025-01-13
MOV00322,PROD0017,SALE,2,55,53,50000,Xuất kho bán hàng ORD00076,2025-01-13
MOV00323,PROD0098,SALE,1,50,49,15000,Xuất kho bán hàng ORD00077,2025-01-13
MOV00324,PROD0116,SALE,3,60,57,45000,Xuất kho bán hàng ORD00078,2025-01-13
MOV00325,PROD0042,SALE,2,67,65,9000,Xuất kho bán hàng ORD00078,2025-01-13
MOV00326,PROD0106,SALE,1,71,70,25000,Xuất kho bán hàng ORD00078,2025-01-13
MOV00327,PROD0015,SALE,2,42,40,40000,Xuất kho bán hàng ORD00079,2025-01-14
MOV00328,PROD0022,SALE,2,75,73,45000,Xuất kho bán hàng ORD00079,2025-01-14
MOV00329,PROD0052,SALE,1,57,56,12000,Xuất kho bán hàng ORD00080,2025-01-14
MOV00330,PROD0071,SALE,1,41,40,20000,Xuất kho bán hàng ORD00080,2025-01-14
MOV00331,PROD0001,SALE,1,28,27,30000,Xuất kho bán hàng ORD00081,2025-01-14
MOV00332,PROD0022,SALE,2,73,71,45000,Xuất kho bán hàng ORD00081,2025-01-14
MOV00333,PROD0010,SALE,3,47,44,18000,Xuất kho bán hàng ORD00081,2025-01-14
MOV00334,PROD0071,SALE,3,40,37,20000,Xuất kho bán hàng ORD00082,2025-01-14
MOV00335,PROD0054,SALE,3,48,45,25000,Xuất kho bán hàng ORD00082,2025-01-14
MOV00336,PROD0049,SALE,2,60,58,20000,Xuất kho bán hàng ORD00082,2025-01-14
MOV00337,PROD0084,SALE,1,51,50,9000,Xuất kho bán hàng ORD00083,2025-01-14
MOV00338,PROD0123,SALE,2,69,67,90000,Xuất kho bán hàng ORD00083,2025-01-14
MOV00339,PROD0116,SALE,3,57,54,45000,Xuất kho bán hàng ORD00083,2025-01-14
MOV00340,PROD0112,SALE,1,59,58,12000,Xuất kho bán hàng ORD00084,2025-01-14
MOV00341,PROD0071,SALE,2,37,35,20000,Xuất kho bán hàng ORD00084,2025-01-14
MOV00342,PROD0008,SALE,1,89,88,28000,Xuất kho bán hàng ORD00084,2025-01-14
MOV00343,PROD0059,SALE,1,45,44,234000,Xuất kho bán hàng ORD00084,2025-01-14
MOV00344,PROD0114,SALE,1,81,80,50000,Xuất kho bán hàng ORD00085,2025-01-14
MOV00345,PROD0054,SALE,2,45,43,25000,Xuất kho bán hàng ORD00085,2025-01-14
MOV00346,PROD0070,SALE,2,46,44,22000,Xuất kho bán hàng ORD00086,2025-01-14
MOV00347,PROD0081,SALE,3,37,34,12000,Xuất kho bán hàng ORD00086,2025-01-14
MOV00348,PROD0059,SALE,2,44,42,234000,Xuất kho bán hàng ORD00087,2025-01-15
MOV00349,PROD0021,SALE,2,56,54,45000,Xuất kho bán hàng ORD00087,2025-01-15
MOV00350,PROD0115,SALE,2,53,51,40000,Xuất kho bán hàng ORD00087,2025-01-15
MOV00351,PROD0053,SALE,3,33,30,40000,Xuất kho bán hàng ORD00087,2025-01-15
MOV00352,PROD0052,SALE,1,56,55,12000,Xuất kho bán hàng ORD00088,2025-01-15
MOV00353,PROD0110,SALE,1,46,45,20000,Xuất kho bán hàng ORD00089,2025-01-15
MOV00354,PROD0040,SALE,2,61,59,40000,Xuất kho bán hàng ORD00089,2025-01-15
MOV00355,PROD0005,SALE,2,35,33,25000,Xuất kho bán hàng ORD00089,2025-01-15
MOV00356,PROD0046,SALE,1,60,59,173000,Xuất kho bán hàng ORD00090,2025-01-15
MOV00357,PROD0010,SALE,2,44,42,18000,Xuất kho bán hàng ORD00090,2025-01-15
MOV00358,PROD0051,SALE,3,66,63,8000,Xuất kho bán hàng ORD00090,2025-01-15
MOV00359,PROD0080,SALE,3,72,69,10000,Xuất kho bán hàng ORD00090,2025-01-15
MOV00360,PROD0063,SALE,2,63,61,12000,Xuất kho bán hàng ORD00091,2025-01-15
MOV00361,PROD0064,SALE,1,73,72,10000,Xuất kho bán hàng ORD00091,2025-01-15
MOV00362,PROD0032,SALE,3,60,57,35000,Xuất kho bán hàng ORD00091,2025-01-15
MOV00363,PROD0032,SALE,1,57,56,35000,Xuất kho bán hàng ORD00092,2025-01-15
MOV00364,PROD0052,SALE,1,55,54,12000,Xuất kho bán hàng ORD00092,2025-01-15
MOV00365,PROD0119,SALE,2,74,72,75000,Xuất kho bán hàng ORD00092,2025-01-15
MOV00366,PROD0016,SALE,2,50,48,150000,Xuất kho bán hàng ORD00093,2025-01-16
MOV00367,PROD0080,SALE,2,69,67,10000,Xuất kho bán hàng ORD00093,2025-01-16
MOV00368,PROD0093,SALE,2,41,39,24000,Xuất kho bán hàng ORD00093,2025-01-16
MOV00369,PROD0039,SALE,1,27,26,20000,Xuất kho bán hàng ORD00093,2025-01-16
MOV00370,PROD0016,SALE,2,48,46,150000,Xuất kho bán hàng ORD00094,2025-01-16
MOV00371,PROD0105,SALE,2,64,62,12000,Xuất kho bán hàng ORD00095,2025-01-16
MOV00372,PROD0023,SALE,3,63,60,25000,Xuất kho bán hàng ORD00095,2025-01-16
MOV00373,PROD0074,SALE,3,44,41,18000,Xuất kho bán hàng ORD00095,2025-01-16
MOV00374,PROD0032,SALE,1,56,55,35000,Xuất kho bán hàng ORD00096,2025-01-16
MOV00375,PROD0090,SALE,1,40,39,12000,Xuất kho bán hàng ORD00096,2025-01-16
MOV00376,PROD0040,SALE,1,59,58,40000,Xuất kho bán hàng ORD00096,2025-01-16
MOV00377,PROD0052,SALE,1,54,53,12000,Xuất kho bán hàng ORD00096,2025-01-16
MOV00378,PROD0023,SALE,3,60,57,25000,Xuất kho bán hàng ORD00097,2025-01-17
MOV00379,PROD0050,SALE,2,76,74,5000,Xuất kho bán hàng ORD00097,2025-01-17
MOV00380,PROD0067,SALE,2,51,49,30000,Xuất kho bán hàng ORD00097,2025-01-17
MOV00381,PROD0033,SALE,3,60,57,15000,Xuất kho bán hàng ORD00098,2025-01-17
MOV00382,PROD0065,SALE,2,27,25,10000,Xuất kho bán hàng ORD00098,2025-01-17
MOV00383,PROD0067,SALE,2,49,47,30000,Xuất kho bán hàng ORD00099,2025-01-17
MOV00384,PROD0077,SALE,1,28,27,6000,Xuất kho bán hàng ORD00100,2025-01-17
MOV00385,PROD0065,SALE,3,25,22,10000,Xuất kho bán hàng ORD00100,2025-01-17
MOV00386,PROD0027,SALE,2,43,41,12000,Xuất kho bán hàng ORD00100,2025-01-17
MOV00387,PROD0086,SALE,2,51,49,22000,Xuất kho bán hàng ORD00101,2025-01-17
MOV00388,PROD0056,SALE,2,48,46,15000,Xuất kho bán hàng ORD00102,2025-01-17
MOV00389,PROD0061,SALE,2,60,58,20000,Xuất kho bán hàng ORD00103,2025-01-17
MOV00390,PROD0025,SALE,3,34,31,5000,Xuất kho bán hàng ORD00103,2025-01-17
MOV00391,PROD0079,SALE,2,38,36,30000,Xuất kho bán hàng ORD00104,2025-01-18
MOV00392,PROD0082,SALE,1,43,42,15000,Xuất kho bán hàng ORD00105,2025-01-18
MOV00393,PROD0056,SALE,3,46,43,15000,Xuất kho bán hàng ORD00105,2025-01-18
MOV00394,PROD0090,SALE,1,39,38,12000,Xuất kho bán hàng ORD00105,2025-01-18
MOV00395,PROD0073,SALE,1,53,52,15000,Xuất kho bán hàng ORD00106,2025-01-18
MOV00396,PROD0109,SALE,1,51,50,9000,Xuất kho bán hàng ORD00107,2025-01-18
MOV00397,PROD0075,SALE,3,32,29,20000,Xuất kho bán hàng ORD00108,2025-01-19
MOV00398,PROD0067,SALE,2,47,45,30000,Xuất kho bán hàng ORD00108,2025-01-19
MOV00399,PROD0038,SALE,1,64,63,30000,Xuất kho bán hàng ORD00108,2025-01-19
MOV00400,PROD0103,SALE,2,43,41,50000,Xuất kho bán hàng ORD00109,2025-01-19
MOV00401,PROD0052,SALE,2,53,51,12000,Xuất kho bán hàng ORD00110,2025-01-19
MOV00402,PROD0113,SALE,1,47,46,10000,Xuất kho bán hàng ORD00111,2025-01-19
MOV00403,PROD0073,SALE,1,52,51,15000,Xuất kho bán hàng ORD00112,2025-01-19
MOV00404,PROD0094,SALE,1,61,60,8000,Xuất kho bán hàng ORD00112,2025-01-19
MOV00405,PROD0115,SALE,1,51,50,40000,Xuất kho bán hàng ORD00113,2025-01-20
MOV00406,PROD0069,SALE,1,75,74,15000,Xuất kho bán hàng ORD00113,2025-01-20
MOV00407,PROD0110,SALE,2,45,43,20000,Xuất kho bán hàng ORD00113,2025-01-20
MOV00408,PROD0049,SALE,3,58,55,20000,Xuất kho bán hàng ORD00114,2025-01-20
MOV00409,PROD0005,SALE,2,33,31,25000,Xuất kho bán hàng ORD00114,2025-01-20
MOV00410,PROD0071,SALE,2,35,33,20000,Xuất kho bán hàng ORD00115,2025-01-20
MOV00411,PROD0023,SALE,1,57,56,25000,Xuất kho bán hàng ORD00115,2025-01-20
MOV00412,PROD0092,SALE,1,48,47,25000,Xuất kho bán hàng ORD00115,2025-01-20
MOV00413,PROD0066,SALE,2,60,58,25000,Xuất kho bán hàng ORD00115,2025-01-20
MOV00414,PROD0123,SALE,3,67,64,90000,Xuất kho bán hàng ORD00116,2025-01-20
MOV00415,PROD0064,SALE,2,72,70,10000,Xuất kho bán hàng ORD00117,2025-01-20
MOV00416,PROD0103,SALE,1,41,40,50000,Xuất kho bán hàng ORD00117,2025-01-20
MOV00417,PROD0010,SALE,1,42,41,18000,Xuất kho bán hàng ORD00118,2025-01-21
MOV00418,PROD0016,SALE,1,46,45,150000,Xuất kho bán hàng ORD00118,2025-01-21
MOV00419,PROD0052,SALE,1,51,50,12000,Xuất kho bán hàng ORD00119,2025-01-21
MOV00420,PROD0114,SALE,3,80,77,50000,Xuất kho bán hàng ORD00119,2025-01-21
MOV00421,PROD0071,SALE,3,33,30,20000,Xuất kho bán hàng ORD00119,2025-01-21
MOV00422,PROD0059,SALE,2,42,40,234000,Xuất kho bán hàng ORD00119,2025-01-21
MOV00423,PROD0085,SALE,1,74,73,48000,Xuất kho bán hàng ORD00120,2025-01-21
MOV00424,PROD0081,SALE,3,34,31,12000,Xuất kho bán hàng ORD00121,2025-01-21
MOV00425,PROD0018,SALE,2,56,54,125000,Xuất kho bán hàng ORD00122,2025-01-21
MOV00426,PROD0019,SALE,2,45,43,15000,Xuất kho bán hàng ORD00122,2025-01-21
MOV00427,PROD0035,SALE,3,13,10,5000,Xuất kho bán hàng ORD00123,2025-01-22
MOV00428,PROD0042,SALE,1,65,64,9000,Xuất kho bán hàng ORD00123,2025-01-22
MOV00429,PROD0030,SALE,3,44,41,10000,Xuất kho bán hàng ORD00124,2025-01-22
MOV00430,PROD0036,SALE,1,39,38,35000,Xuất kho bán hàng ORD00124,2025-01-22
MOV00431,PROD0003,SALE,3,42,39,20000,Xuất kho bán hàng ORD00124,2025-01-22
MOV00432,PROD0051,SALE,3,63,60,8000,Xuất kho bán hàng ORD00124,2025-01-22
MOV00433,PROD0115,SALE,2,50,48,40000,Xuất kho bán hàng ORD00125,2025-01-22
MOV00434,PROD0096,SALE,2,69,67,8000,Xuất kho bán hàng ORD00126,2025-01-22
MOV00435,PROD0115,SALE,1,48,47,40000,Xuất kho bán hàng ORD00126,2025-01-22
MOV00436,PROD0078,SALE,2,47,45,12000,Xuất kho bán hàng ORD00126,2025-01-22
MOV00437,PROD0117,SALE,2,42,40,100000,Xuất kho bán hàng ORD00127,2025-01-22
MOV00438,PROD0080,SALE,3,67,64,10000,Xuất kho bán hàng ORD00127,2025-01-22
MOV00439,PROD0093,SALE,1,39,38,24000,Xuất kho bán hàng ORD00128,2025-01-23
MOV00440,PROD0015,SALE,2,40,38,40000,Xuất kho bán hàng ORD00129,2025-01-23
MOV00441,PROD0019,SALE,1,43,42,15000,Xuất kho bán hàng ORD00129,2025-01-23
MOV00442,PROD0043,SALE,3,68,65,18000,Xuất kho bán hàng ORD00130,2025-01-23
MOV00443,PROD0093,SALE,1,38,37,24000,Xuất kho bán hàng ORD00130,2025-01-23
MOV00444,PROD0025,SALE,3,31,28,5000,Xuất kho bán hàng ORD00130,2025-01-23
MOV00445,PROD0012,SALE,1,50,49,75000,Xuất kho bán hàng ORD00130,2025-01-23
MOV00446,PROD0097,SALE,2,30,28,10000,Xuất kho bán hàng ORD00131,2025-01-23
MOV00447,PROD0035,SALE,3,10,7,5000,Xuất kho bán hàng ORD00131,2025-01-23
MOV00448,PROD0122,SALE,1,71,70,60000,Xuất kho bán hàng ORD00132,2025-01-23
MOV00449,PROD0018,SALE,3,54,51,125000,Xuất kho bán hàng ORD00133,2025-01-23
MOV00450,PROD0119,SALE,1,72,71,75000,Xuất kho bán hàng ORD00134,2025-01-24
MOV00451,PROD0070,SALE,2,44,42,22000,Xuất kho bán hàng ORD00134,2025-01-24
MOV00452,PROD0113,SALE,1,46,45,10000,Xuất kho bán hàng ORD00134,2025-01-24
MOV00453,PROD0025,SALE,3,28,25,5000,Xuất kho bán hàng ORD00135,2025-01-24
MOV00454,PROD0027,SALE,2,41,39,12000,Xuất kho bán hàng ORD00135,2025-01-24
MOV00455,PROD0034,SALE,1,73,72,20000,Xuất kho bán hàng ORD00135,2025-01-24
MOV00456,PROD0070,SALE,2,42,40,22000,Xuất kho bán hàng ORD00136,2025-01-24
MOV00457,PROD0095,SALE,1,62,61,12000,Xuất kho bán hàng ORD00137,2025-01-24
MOV00458,PROD0052,SALE,1,50,49,12000,Xuất kho bán hàng ORD00137,2025-01-24
MOV00459,PROD0022,SALE,2,71,69,45000,Xuất kho bán hàng ORD00138,2025-01-24
MOV00460,PROD0008,SALE,1,88,87,28000,Xuất kho bán hàng ORD00138,2025-01-24
MOV00461,PROD0009,SALE,2,51,49,12000,Xuất kho bán hàng ORD00138,2025-01-24
MOV00462,PROD0122,SALE,2,70,68,60000,Xuất kho bán hàng ORD00138,2025-01-24
MOV00463,PROD0021,SALE,2,54,52,45000,Xuất kho bán hàng ORD00139,2025-01-24
MOV00464,PROD0070,SALE,1,40,39,22000,Xuất kho bán hàng ORD00139,2025-01-24
MOV00465,PROD0119,SALE,3,71,68,75000,Xuất kho bán hàng ORD00140,2025-01-25
MOV00466,PROD0081,SALE,1,31,30,12000,Xuất kho bán hàng ORD00140,2025-01-25
MOV00467,PROD0075,SALE,2,29,27,20000,Xuất kho bán hàng ORD00140,2025-01-25
MOV00468,PROD0019,SALE,2,42,40,15000,Xuất kho bán hàng ORD00140,2025-01-25
MOV00469,PROD0102,SALE,1,60,59,14000,Xuất kho bán hàng ORD00141,2025-01-25
MOV00470,PROD0011,SALE,3,48,45,100000,Xuất kho bán hàng ORD00141,2025-01-25
MOV00471,PROD0026,SALE,2,40,38,5000,Xuất kho bán hàng ORD00141,2025-01-25
MOV00472,PROD0033,SALE,3,57,54,15000,Xuất kho bán hàng ORD00142,2025-01-25
MOV00473,PROD0022,SALE,3,69,66,45000,Xuất kho bán hàng ORD00142,2025-01-25
MOV00474,PROD0070,SALE,3,39,36,22000,Xuất kho bán hàng ORD00143,2025-01-25
MOV00475,PROD0108,SALE,2,49,47,30000,Xuất kho bán hàng ORD00143,2025-01-25
MOV00476,PROD0115,SALE,3,47,44,40000,Xuất kho bán hàng ORD00144,2025-01-25
MOV00477,PROD0108,SALE,1,47,46,30000,Xuất kho bán hàng ORD00144,2025-01-25
MOV00478,PROD0115,SALE,2,44,42,40000,Xuất kho bán hàng ORD00145,2025-01-25
MOV00479,PROD0113,SALE,2,45,43,10000,Xuất kho bán hàng ORD00145,2025-01-25
MOV00480,PROD0095,SALE,2,61,59,12000,Xuất kho bán hàng ORD00145,2025-01-25
MOV00481,PROD0105,SALE,1,62,61,12000,Xuất kho bán hàng ORD00145,2025-01-25
MOV00482,PROD0043,SALE,3,65,62,18000,Xuất kho bán hàng ORD00146,2025-01-26
MOV00483,PROD0056,SALE,3,43,40,15000,Xuất kho bán hàng ORD00146,2025-01-26
MOV00484,PROD0119,SALE,3,68,65,75000,Xuất kho bán hàng ORD00146,2025-01-26
MOV00485,PROD0061,SALE,1,58,57,20000,Xuất kho bán hàng ORD00146,2025-01-26
MOV00486,PROD0041,SALE,1,60,59,20000,Xuất kho bán hàng ORD00147,2025-01-26
MOV00487,PROD0111,SALE,2,60,58,32000,Xuất kho bán hàng ORD00147,2025-01-26
MOV00488,PROD0113,SALE,1,43,42,10000,Xuất kho bán hàng ORD00147,2025-01-26
MOV00489,PROD0104,SALE,2,28,26,50000,Xuất kho bán hàng ORD00147,2025-01-26
MOV00490,PROD0094,SALE,1,60,59,8000,Xuất kho bán hàng ORD00148,2025-01-26
MOV00491,PROD0018,SALE,2,51,49,125000,Xuất kho bán hàng ORD00149,2025-01-26
MOV00492,PROD0039,SALE,2,26,24,20000,Xuất kho bán hàng ORD00150,2025-01-26
MOV00493,PROD0011,SALE,3,45,42,100000,Xuất kho bán hàng ORD00151,2025-01-27
MOV00494,PROD0122,SALE,3,68,65,60000,Xuất kho bán hàng ORD00151,2025-01-27
MOV00495,PROD0081,SALE,3,30,27,12000,Xuất kho bán hàng ORD00151,2025-01-27
MOV00496,PROD0086,SALE,2,49,47,22000,Xuất kho bán hàng ORD00152,2025-01-27
MOV00497,PROD0010,SALE,3,41,38,18000,Xuất kho bán hàng ORD00152,2025-01-27
MOV00498,PROD0013,SALE,3,45,42,25000,Xuất kho bán hàng ORD00153,2025-01-27
MOV00499,PROD0108,SALE,2,46,44,30000,Xuất kho bán hàng ORD00153,2025-01-27
MOV00500,PROD0033,SALE,3,54,51,15000,Xuất kho bán hàng ORD00153,2025-01-27
MOV00501,PROD0092,SALE,1,47,46,25000,Xuất kho bán hàng ORD00153,2025-01-27
MOV00502,PROD0016,SALE,2,45,43,150000,Xuất kho bán hàng ORD00154,2025-01-27
MOV00503,PROD0115,SALE,3,42,39,40000,Xuất kho bán hàng ORD00155,2025-01-27
MOV00504,PROD0023,SALE,2,56,54,25000,Xuất kho bán hàng ORD00155,2025-01-27
MOV00505,PROD0055,SALE,1,30,29,9000,Xuất kho bán hàng ORD00155,2025-01-27
MOV00506,PROD0101,SALE,1,37,36,10000,Xuất kho bán hàng ORD00156,2025-01-27
MOV00507,PROD0050,SALE,3,74,71,5000,Xuất kho bán hàng ORD00156,2025-01-27
MOV00508,PROD0011,SALE,2,42,40,100000,Xuất kho bán hàng ORD00156,2025-01-27
MOV00509,PROD0045,SALE,1,54,53,25000,Xuất kho bán hàng ORD00157,2025-01-27
MOV00510,PROD0122,SALE,1,65,64,60000,Xuất kho bán hàng ORD00158,2025-01-28
MOV00511,PROD0061,SALE,2,57,55,20000,Xuất kho bán hàng ORD00159,2025-01-28
MOV00512,PROD0122,SALE,1,64,63,60000,Xuất kho bán hàng ORD00159,2025-01-28
MOV00513,PROD0060,SALE,3,34,31,10000,Xuất kho bán hàng ORD00159,2025-01-28
MOV00514,PROD0077,SALE,2,27,25,6000,Xuất kho bán hàng ORD00160,2025-01-28
MOV00515,PROD0039,SALE,1,24,23,20000,Xuất kho bán hàng ORD00160,2025-01-28
MOV00516,PROD0002,SALE,2,66,64,25000,Xuất kho bán hàng ORD00160,2025-01-28
MOV00517,PROD0076,SALE,2,55,53,30000,Xuất kho bán hàng ORD00160,2025-01-28
MOV00518,PROD0079,SALE,2,36,34,30000,Xuất kho bán hàng ORD00161,2025-01-28
MOV00519,PROD0037,SALE,3,60,57,60000,Xuất kho bán hàng ORD00161,2025-01-28
MOV00520,PROD0027,SALE,2,39,37,12000,Xuất kho bán hàng ORD00161,2025-01-28
MOV00521,PROD0009,SALE,1,49,48,12000,Xuất kho bán hàng ORD00162,2025-01-28
MOV00522,PROD0068,SALE,3,33,30,10000,Xuất kho bán hàng ORD00163,2025-01-29
MOV00523,PROD0037,SALE,3,57,54,60000,Xuất kho bán hàng ORD00163,2025-01-29
MOV00524,PROD0097,SALE,1,28,27,10000,Xuất kho bán hàng ORD00163,2025-01-29
MOV00525,PROD0084,SALE,2,50,48,9000,Xuất kho bán hàng ORD00163,2025-01-29
MOV00526,PROD0046,SALE,1,59,58,173000,Xuất kho bán hàng ORD00164,2025-01-29
MOV00527,PROD0003,SALE,1,39,38,20000,Xuất kho bán hàng ORD00165,2025-01-29
MOV00528,PROD0119,SALE,2,65,63,75000,Xuất kho bán hàng ORD00165,2025-01-29
MOV00529,PROD0080,SALE,1,64,63,10000,Xuất kho bán hàng ORD00165,2025-01-29
MOV00530,PROD0026,SALE,1,38,37,5000,Xuất kho bán hàng ORD00166,2025-01-29
MOV00531,PROD0033,SALE,3,51,48,15000,Xuất kho bán hàng ORD00166,2025-01-29
MOV00532,PROD0111,SALE,1,58,57,32000,Xuất kho bán hàng ORD00166,2025-01-29
MOV00533,PROD0092,SALE,2,46,44,25000,Xuất kho bán hàng ORD00166,2025-01-29
MOV00534,PROD0014,SALE,3,47,44,60000,Xuất kho bán hàng ORD00167,2025-01-30
MOV00535,PROD0061,SALE,2,55,53,20000,Xuất kho bán hàng ORD00167,2025-01-30
MOV00536,PROD0101,SALE,2,36,34,10000,Xuất kho bán hàng ORD00167,2025-01-30
MOV00537,PROD0088,SALE,1,56,55,31000,Xuất kho bán hàng ORD00167,2025-01-30
MOV00538,PROD0024,SALE,2,39,37,12000,Xuất kho bán hàng ORD00168,2025-01-30
MOV00539,PROD0042,SALE,3,64,61,9000,Xuất kho bán hàng ORD00168,2025-01-30
MOV00540,PROD0053,SALE,3,30,27,40000,Xuất kho bán hàng ORD00168,2025-01-30
MOV00541,PROD0099,SALE,1,42,41,22000,Xuất kho bán hàng ORD00168,2025-01-30
MOV00542,PROD0017,SALE,1,53,52,50000,Xuất kho bán hàng ORD00169,2025-01-30
MOV00543,PROD0067,SALE,2,45,43,30000,Xuất kho bán hàng ORD00169,2025-01-30
MOV00544,PROD0097,SALE,1,27,26,10000,Xuất kho bán hàng ORD00169,2025-01-30
MOV00545,PROD0018,SALE,1,49,48,125000,Xuất kho bán hàng ORD00170,2025-01-30
MOV00546,PROD0101,SALE,1,34,33,10000,Xuất kho bán hàng ORD00171,2025-01-30
MOV00547,PROD0013,SALE,1,42,41,25000,Xuất kho bán hàng ORD00171,2025-01-30
MOV00548,PROD0093,SALE,2,37,35,24000,Xuất kho bán hàng ORD00171,2025-01-30
MOV00549,PROD0108,SALE,1,44,43,30000,Xuất kho bán hàng ORD00172,2025-01-31
MOV00550,PROD0094,SALE,1,59,58,8000,Xuất kho bán hàng ORD00172,2025-01-31
MOV00551,PROD0110,SALE,1,43,42,20000,Xuất kho bán hàng ORD00172,2025-01-31
MOV00552,PROD0026,SALE,1,37,36,5000,Xuất kho bán hàng ORD00173,2025-01-31
MOV00553,PROD0091,SALE,2,38,36,16000,Xuất kho bán hàng ORD00174,2025-01-31
MOV00554,PROD0010,SALE,1,38,37,18000,Xuất kho bán hàng ORD00174,2025-01-31
MOV00555,PROD0099,SALE,1,41,40,22000,Xuất kho bán hàng ORD00174,2025-01-31
MOV00556,PROD0109,SALE,1,50,49,9000,Xuất kho bán hàng ORD00174,2025-01-31
MOV00557,PROD0023,SALE,3,54,51,25000,Xuất kho bán hàng ORD00175,2025-01-31
MOV00558,PROD0062,SALE,3,42,39,30000,Xuất kho bán hàng ORD00175,2025-01-31
MOV00559,PROD0021,SALE,1,52,51,45000,Xuất kho bán hàng ORD00175,2025-01-31
MOV00560,PROD0076,SALE,1,53,52,30000,Xuất kho bán hàng ORD00175,2025-01-31
MOV00561,PROD0097,SALE,1,26,25,10000,Xuất kho bán hàng ORD00176,2025-01-31
MOV00562,PROD0066,SALE,2,58,56,25000,Xuất kho bán hàng ORD00176,2025-01-31
MOV00563,PROD0049,SALE,3,55,52,20000,Xuất kho bán hàng ORD00177,2025-01-31
MOV00564,PROD0072,SALE,1,61,60,22000,Xuất kho bán hàng ORD00178,2025-01-31
MOV00565,PROD0044,SALE,2,70,68,25000,Xuất kho bán hàng ORD00179,2025-01-31
MOV00566,PROD0063,SALE,2,61,59,12000,Xuất kho bán hàng ORD00179,2025-01-31
MOV00567,PROD0067,SALE,1,43,42,30000,Xuất kho bán hàng ORD00179,2025-01-31
MOV00568,PROD0022,SALE,2,66,64,45000,Xuất kho bán hàng ORD00179,2025-01-31
MOV00569,PROD0004,SALE,1,53,52,17000,Xuất kho bán hàng ORD00180,2025-02-01
MOV00570,PROD0074,SALE,1,41,40,18000,Xuất kho bán hàng ORD00180,2025-02-01
MOV00571,PROD0120,SALE,3,37,34,30000,Xuất kho bán hàng ORD00180,2025-02-01
MOV00572,PROD0089,SALE,1,63,62,8000,Xuất kho bán hàng ORD00181,2025-02-01
MOV00573,PROD0120,SALE,2,34,32,30000,Xuất kho bán hàng ORD00181,2025-02-01
MOV00574,PROD0094,SALE,2,58,56,8000,Xuất kho bán hàng ORD00181,2025-02-01
MOV00575,PROD0017,SALE,1,52,51,50000,Xuất kho bán hàng ORD00181,2025-02-01
MOV00576,PROD0087,SALE,2,40,38,22000,Xuất kho bán hàng ORD00182,2025-02-01
MOV00577,PROD0064,SALE,2,70,68,10000,Xuất kho bán hàng ORD00182,2025-02-01
MOV00578,PROD0106,SALE,1,70,69,25000,Xuất kho bán hàng ORD00183,2025-02-01
MOV00579,PROD0089,SALE,1,62,61,8000,Xuất kho bán hàng ORD00183,2025-02-01
MOV00580,PROD0110,SALE,2,42,40,20000,Xuất kho bán hàng ORD00183,2025-02-01
MOV00581,PROD0068,SALE,3,30,27,10000,Xuất kho bán hàng ORD00183,2025-02-01
MOV00582,PROD0045,SALE,2,53,51,25000,Xuất kho bán hàng ORD00184,2025-02-01
MOV00583,PROD0103,SALE,2,40,38,50000,Xuất kho bán hàng ORD00185,2025-02-01
MOV00584,PROD0110,SALE,1,40,39,20000,Xuất kho bán hàng ORD00186,2025-02-01
MOV00585,PROD0003,SALE,3,38,35,20000,Xuất kho bán hàng ORD00186,2025-02-01
MOV00586,PROD0016,SALE,2,43,41,150000,Xuất kho bán hàng ORD00187,2025-02-01
MOV00587,PROD0032,SALE,1,55,54,35000,Xuất kho bán hàng ORD00187,2025-02-01
MOV00588,PROD0084,SALE,1,48,47,9000,Xuất kho bán hàng ORD00187,2025-02-01
MOV00589,PROD0023,SALE,1,51,50,25000,Xuất kho bán hàng ORD00187,2025-02-01
MOV00590,PROD0074,SALE,2,40,38,18000,Xuất kho bán hàng ORD00188,2025-02-02
MOV00591,PROD0024,SALE,1,37,36,12000,Xuất kho bán hàng ORD00188,2025-02-02
MOV00592,PROD0033,SALE,1,48,47,15000,Xuất kho bán hàng ORD00188,2025-02-02
MOV00593,PROD0105,SALE,1,61,60,12000,Xuất kho bán hàng ORD00189,2025-02-02
MOV00594,PROD0075,SALE,3,27,24,20000,Xuất kho bán hàng ORD00189,2025-02-02
MOV00595,PROD0031,SALE,1,89,88,35000,Xuất kho bán hàng ORD00189,2025-02-02
MOV00596,PROD0047,SALE,1,72,71,22000,Xuất kho bán hàng ORD00189,2025-02-02
MOV00597,PROD0061,SALE,2,53,51,20000,Xuất kho bán hàng ORD00190,2025-02-02
MOV00598,PROD0095,SALE,1,59,58,12000,Xuất kho bán hàng ORD00190,2025-02-02
MOV00599,PROD0060,SALE,1,31,30,10000,Xuất kho bán hàng ORD00191,2025-02-02
MOV00600,PROD0108,SALE,1,43,42,30000,Xuất kho bán hàng ORD00191,2025-02-02
MOV00601,PROD0089,SALE,1,61,60,8000,Xuất kho bán hàng ORD00191,2025-02-02
MOV00602,PROD0046,SALE,2,58,56,173000,Xuất kho bán hàng ORD00192,2025-02-02
MOV00603,PROD0080,SALE,2,63,61,10000,Xuất kho bán hàng ORD00193,2025-02-02
MOV00604,PROD0032,SALE,3,54,51,35000,Xuất kho bán hàng ORD00194,2025-02-02
MOV00605,PROD0088,SALE,1,55,54,31000,Xuất kho bán hàng ORD00195,2025-02-03
MOV00606,PROD0063,SALE,1,59,58,12000,Xuất kho bán hàng ORD00195,2025-02-03
MOV00607,PROD0074,SALE,1,38,37,18000,Xuất kho bán hàng ORD00195,2025-02-03
MOV00608,PROD0053,SALE,3,27,24,40000,Xuất kho bán hàng ORD00196,2025-02-03
MOV00609,PROD0104,SALE,2,26,24,50000,Xuất kho bán hàng ORD00196,2025-02-03
MOV00610,PROD0091,SALE,1,36,35,16000,Xuất kho bán hàng ORD00197,2025-02-03
MOV00611,PROD0009,SALE,1,48,47,12000,Xuất kho bán hàng ORD00198,2025-02-03
MOV00612,PROD0002,SALE,2,64,62,25000,Xuất kho bán hàng ORD00198,2025-02-03
MOV00613,PROD0023,SALE,3,50,47,25000,Xuất kho bán hàng ORD00199,2025-02-04
MOV00614,PROD0041,SALE,3,59,56,20000,Xuất kho bán hàng ORD00199,2025-02-04
MOV00615,PROD0083,SALE,1,50,49,12000,Xuất kho bán hàng ORD00199,2025-02-04
MOV00616,PROD0050,SALE,1,71,70,5000,Xuất kho bán hàng ORD00200,2025-02-04
MOV00617,PROD0047,SALE,3,71,68,22000,Xuất kho bán hàng ORD00200,2025-02-04
MOV00618,PROD0044,SALE,2,68,66,25000,Xuất kho bán hàng ORD00201,2025-02-04
MOV00619,PROD0063,SALE,3,58,55,12000,Xuất kho bán hàng ORD00201,2025-02-04
MOV00620,PROD0123,SALE,3,64,61,90000,Xuất kho bán hàng ORD00202,2025-02-04
MOV00621,PROD0042,SALE,1,61,60,9000,Xuất kho bán hàng ORD00202,2025-02-04
MOV00622,PROD0076,SALE,3,52,49,30000,Xuất kho bán hàng ORD00202,2025-02-04
MOV00623,PROD0109,SALE,1,49,48,9000,Xuất kho bán hàng ORD00202,2025-02-04
MOV00624,PROD0010,SALE,3,37,34,18000,Xuất kho bán hàng ORD00203,2025-02-04
MOV00625,PROD0020,SALE,2,47,45,12000,Xuất kho bán hàng ORD00203,2025-02-04
MOV00626,PROD0070,SALE,3,36,33,22000,Xuất kho bán hàng ORD00203,2025-02-04
MOV00627,PROD0072,SALE,3,60,57,22000,Xuất kho bán hàng ORD00203,2025-02-04
MOV00628,PROD0106,SALE,2,69,67,25000,Xuất kho bán hàng ORD00204,2025-02-05
MOV00629,PROD0105,SALE,2,60,58,12000,Xuất kho bán hàng ORD00205,2025-02-05
MOV00630,PROD0038,SALE,1,63,62,30000,Xuất kho bán hàng ORD00205,2025-02-05
MOV00631,PROD0100,SALE,2,37,35,9000,Xuất kho bán hàng ORD00206,2025-02-05
MOV00632,PROD0115,SALE,2,39,37,40000,Xuất kho bán hàng ORD00206,2025-02-05
MOV00633,PROD0024,SALE,1,36,35,12000,Xuất kho bán hàng ORD00206,2025-02-05
MOV00634,PROD0116,SALE,2,54,52,45000,Xuất kho bán hàng ORD00207,2025-02-05
MOV00635,PROD0077,SALE,3,25,22,6000,Xuất kho bán hàng ORD00207,2025-02-05
MOV00636,PROD0001,SALE,2,27,25,30000,Xuất kho bán hàng ORD00207,2025-02-05
MOV00637,PROD0114,SALE,1,77,76,50000,Xuất kho bán hàng ORD00208,2025-02-05
MOV00638,PROD0041,SALE,3,56,53,20000,Xuất kho bán hàng ORD00209,2025-02-05
MOV00639,PROD0054,SALE,2,43,41,25000,Xuất kho bán hàng ORD00210,2025-02-06
MOV00640,PROD0059,SALE,2,40,38,234000,Xuất kho bán hàng ORD00210,2025-02-06
MOV00641,PROD0013,SALE,3,41,38,25000,Xuất kho bán hàng ORD00210,2025-02-06
MOV00642,PROD0076,SALE,2,49,47,30000,Xuất kho bán hàng ORD00210,2025-02-06
MOV00643,PROD0081,SALE,2,27,25,12000,Xuất kho bán hàng ORD00211,2025-02-06
MOV00644,PROD0108,SALE,2,42,40,30000,Xuất kho bán hàng ORD00211,2025-02-06
MOV00645,PROD0014,SALE,2,44,42,60000,Xuất kho bán hàng ORD00212,2025-02-06
MOV00646,PROD0059,SALE,2,38,36,234000,Xuất kho bán hàng ORD00213,2025-02-06
MOV00647,PROD0098,SALE,2,49,47,15000,Xuất kho bán hàng ORD00213,2025-02-06
MOV00648,PROD0013,SALE,1,38,37,25000,Xuất kho bán hàng ORD00214,2025-02-06
MOV00649,PROD0108,SALE,2,40,38,30000,Xuất kho bán hàng ORD00214,2025-02-06
MOV00650,PROD0114,SALE,1,76,75,50000,Xuất kho bán hàng ORD00214,2025-02-06
MOV00651,PROD0086,SALE,2,47,45,22000,Xuất kho bán hàng ORD00214,2025-02-06
MOV00652,PROD0042,SALE,2,60,58,9000,Xuất kho bán hàng ORD00215,2025-02-07
MOV00653,PROD0034,SALE,3,72,69,20000,Xuất kho bán hàng ORD00215,2025-02-07
MOV00654,PROD0021,SALE,3,51,48,45000,Xuất kho bán hàng ORD00215,2025-02-07
MOV00655,PROD0069,SALE,3,74,71,15000,Xuất kho bán hàng ORD00216,2025-02-07
MOV00656,PROD0078,SALE,1,45,44,12000,Xuất kho bán hàng ORD00217,2025-02-07
MOV00657,PROD0005,SALE,3,31,28,25000,Xuất kho bán hàng ORD00217,2025-02-07
MOV00658,PROD0008,SALE,2,87,85,28000,Xuất kho bán hàng ORD00217,2025-02-07
MOV00659,PROD0081,SALE,2,25,23,12000,Xuất kho bán hàng ORD00217,2025-02-07
MOV00660,PROD0032,SALE,2,51,49,35000,Xuất kho bán hàng ORD00218,2025-02-07
MOV00661,PROD0055,SALE,3,29,26,9000,Xuất kho bán hàng ORD00218,2025-02-07
MOV00662,PROD0029,SALE,1,50,49,12000,Xuất kho bán hàng ORD00218,2025-02-07
MOV00663,PROD0073,SALE,3,51,48,15000,Xuất kho bán hàng ORD00218,2025-02-07
MOV00664,PROD0043,SALE,1,62,61,18000,Xuất kho bán hàng ORD00219,2025-02-07
MOV00665,PROD0042,SALE,2,58,56,9000,Xuất kho bán hàng ORD00219,2025-02-07
MOV00666,PROD0022,SALE,2,64,62,45000,Xuất kho bán hàng ORD00219,2025-02-07
MOV00667,PROD0018,SALE,2,48,46,125000,Xuất kho bán hàng ORD00220,2025-02-08
MOV00668,PROD0076,SALE,3,47,44,30000,Xuất kho bán hàng ORD00221,2025-02-08
MOV00669,PROD0052,SALE,3,49,46,12000,Xuất kho bán hàng ORD00221,2025-02-08
MOV00670,PROD0095,SALE,1,58,57,12000,Xuất kho bán hàng ORD00222,2025-02-08
MOV00671,PROD0034,SALE,3,69,66,20000,Xuất kho bán hàng ORD00222,2025-02-08
MOV00672,PROD0049,SALE,3,52,49,20000,Xuất kho bán hàng ORD00222,2025-02-08
MOV00673,PROD0024,SALE,1,35,34,12000,Xuất kho bán hàng ORD00222,2025-02-08
MOV00674,PROD0067,SALE,2,42,40,30000,Xuất kho bán hàng ORD00223,2025-02-08
MOV00675,PROD0010,SALE,1,34,33,18000,Xuất kho bán hàng ORD00224,2025-02-08
MOV00676,PROD0012,SALE,3,49,46,75000,Xuất kho bán hàng ORD00224,2025-02-08
MOV00677,PROD0017,SALE,2,51,49,50000,Xuất kho bán hàng ORD00225,2025-02-08
MOV00678,PROD0118,SALE,1,76,75,38000,Xuất kho bán hàng ORD00225,2025-02-08
MOV00679,PROD0104,SALE,2,24,22,50000,Xuất kho bán hàng ORD00225,2025-02-08
MOV00680,PROD0025,SALE,1,25,24,5000,Xuất kho bán hàng ORD00226,2025-02-08
MOV00681,PROD0066,SALE,3,56,53,25000,Xuất kho bán hàng ORD00227,2025-02-08
MOV00682,PROD0072,SALE,1,57,56,22000,Xuất kho bán hàng ORD00228,2025-02-09
MOV00683,PROD0030,SALE,3,41,38,10000,Xuất kho bán hàng ORD00228,2025-02-09
MOV00684,PROD0109,SALE,1,48,47,9000,Xuất kho bán hàng ORD00228,2025-02-09
MOV00685,PROD0086,SALE,2,45,43,22000,Xuất kho bán hàng ORD00229,2025-02-09
MOV00686,PROD0044,SALE,3,66,63,25000,Xuất kho bán hàng ORD00229,2025-02-09
MOV00687,PROD0050,SALE,3,70,67,5000,Xuất kho bán hàng ORD00229,2025-02-09
MOV00688,PROD0044,SALE,2,63,61,25000,Xuất kho bán hàng ORD00230,2025-02-09
MOV00689,PROD0055,SALE,1,26,25,9000,Xuất kho bán hàng ORD00231,2025-02-09
MOV00690,PROD0056,SALE,3,40,37,15000,Xuất kho bán hàng ORD00231,2025-02-09
MOV00691,PROD0012,SALE,1,46,45,75000,Xuất kho bán hàng ORD00232,2025-02-10
MOV00692,PROD0036,SALE,1,38,37,35000,Xuất kho bán hàng ORD00233,2025-02-10
MOV00693,PROD0122,SALE,3,63,60,60000,Xuất kho bán hàng ORD00233,2025-02-10
MOV00694,PROD0086,SALE,1,43,42,22000,Xuất kho bán hàng ORD00233,2025-02-10
MOV00695,PROD0068,SALE,2,27,25,10000,Xuất kho bán hàng ORD00233,2025-02-10
MOV00696,PROD0123,SALE,2,61,59,90000,Xuất kho bán hàng ORD00234,2025-02-10
MOV00697,PROD0075,SALE,1,24,23,20000,Xuất kho bán hàng ORD00235,2025-02-10
MOV00698,PROD0026,SALE,2,36,34,5000,Xuất kho bán hàng ORD00235,2025-02-10
MOV00699,PROD0115,SALE,3,37,34,40000,Xuất kho bán hàng ORD00236,2025-02-11
MOV00700,PROD0092,SALE,2,44,42,25000,Xuất kho bán hàng ORD00236,2025-02-11
MOV00701,PROD0037,SALE,2,54,52,60000,Xuất kho bán hàng ORD00236,2025-02-11
MOV00702,PROD0029,SALE,2,49,47,12000,Xuất kho bán hàng ORD00237,2025-02-11
MOV00703,PROD0066,SALE,1,53,52,25000,Xuất kho bán hàng ORD00237,2025-02-11
MOV00704,PROD0021,SALE,3,48,45,45000,Xuất kho bán hàng ORD00237,2025-02-11
MOV00705,PROD0008,SALE,2,85,83,28000,Xuất kho bán hàng ORD00238,2025-02-11
MOV00706,PROD0119,SALE,1,63,62,75000,Xuất kho bán hàng ORD00238,2025-02-11
MOV00707,PROD0102,SALE,2,59,57,14000,Xuất kho bán hàng ORD00239,2025-02-11
MOV00708,PROD0008,SALE,3,83,80,28000,Xuất kho bán hàng ORD00239,2025-02-11
MOV00709,PROD0121,SALE,2,63,61,35000,Xuất kho bán hàng ORD00240,2025-02-11
MOV00710,PROD0069,SALE,1,71,70,15000,Xuất kho bán hàng ORD00240,2025-02-11
MOV00711,PROD0003,SALE,2,35,33,20000,Xuất kho bán hàng ORD00241,2025-02-11
MOV00712,PROD0073,SALE,1,48,47,15000,Xuất kho bán hàng ORD00241,2025-02-11
MOV00713,PROD0022,SALE,3,62,59,45000,Xuất kho bán hàng ORD00241,2025-02-11
MOV00714,PROD0048,SALE,1,39,38,50000,Xuất kho bán hàng ORD00241,2025-02-11
MOV00715,PROD0081,SALE,3,23,20,12000,Xuất kho bán hàng ORD00242,2025-02-11
MOV00716,PROD0122,SALE,1,60,59,60000,Xuất kho bán hàng ORD00242,2025-02-11
MOV00717,PROD0116,SALE,2,52,50,45000,Xuất kho bán hàng ORD00243,2025-02-12
MOV00718,PROD0001,SALE,3,25,22,30000,Xuất kho bán hàng ORD00243,2025-02-12
MOV00719,PROD0105,SALE,2,58,56,12000,Xuất kho bán hàng ORD00243,2025-02-12
MOV00720,PROD0046,SALE,1,56,55,173000,Xuất kho bán hàng ORD00243,2025-02-12
MOV00721,PROD0012,SALE,2,45,43,75000,Xuất kho bán hàng ORD00244,2025-02-12
MOV00722,PROD0002,SALE,2,62,60,25000,Xuất kho bán hàng ORD00245,2025-02-12
MOV00723,PROD0095,SALE,2,57,55,12000,Xuất kho bán hàng ORD00245,2025-02-12
MOV00724,PROD0080,SALE,3,61,58,10000,Xuất kho bán hàng ORD00245,2025-02-12
MOV00725,PROD0107,SALE,1,32,31,12000,Xuất kho bán hàng ORD00245,2025-02-12
MOV00726,PROD0039,SALE,2,23,21,20000,Xuất kho bán hàng ORD00246,2025-02-12
MOV00727,PROD0098,SALE,2,47,45,15000,Xuất kho bán hàng ORD00246,2025-02-12
MOV00728,PROD0062,SALE,3,39,36,30000,Xuất kho bán hàng ORD00246,2025-02-12
MOV00729,PROD0107,SALE,2,31,29,12000,Xuất kho bán hàng ORD00246,2025-02-12
MOV00730,PROD0069,SALE,3,70,67,15000,Xuất kho bán hàng ORD00247,2025-02-12
MOV00731,PROD0079,SALE,3,34,31,30000,Xuất kho bán hàng ORD00247,2025-02-12
MOV00732,PROD0013,SALE,1,37,36,25000,Xuất kho bán hàng ORD00247,2025-02-12
MOV00733,PROD0081,SALE,2,20,18,12000,Xuất kho bán hàng ORD00247,2025-02-12
MOV00734,PROD0006,SALE,2,47,45,15000,Xuất kho bán hàng ORD00248,2025-02-12
MOV00735,PROD0082,SALE,1,42,41,15000,Xuất kho bán hàng ORD00249,2025-02-13
MOV00736,PROD0080,SALE,2,58,56,10000,Xuất kho bán hàng ORD00249,2025-02-13
MOV00737,PROD0093,SALE,2,35,33,24000,Xuất kho bán hàng ORD00249,2025-02-13
MOV00738,PROD0113,SALE,2,42,40,10000,Xuất kho bán hàng ORD00250,2025-02-13
MOV00739,PROD0097,SALE,1,25,24,10000,Xuất kho bán hàng ORD00250,2025-02-13
MOV00740,PROD0038,SALE,1,62,61,30000,Xuất kho bán hàng ORD00250,2025-02-13
MOV00741,PROD0027,SALE,2,37,35,12000,Xuất kho bán hàng ORD00250,2025-02-13
MOV00742,PROD0108,SALE,1,38,37,30000,Xuất kho bán hàng ORD00251,2025-02-13
MOV00743,PROD0040,SALE,2,58,56,40000,Xuất kho bán hàng ORD00251,2025-02-13
MOV00744,PROD0037,SALE,1,52,51,60000,Xuất kho bán hàng ORD00251,2025-02-13
MOV00745,PROD0001,SALE,3,22,19,30000,Xuất kho bán hàng ORD00251,2025-02-13
MOV00746,PROD0083,SALE,3,49,46,12000,Xuất kho bán hàng ORD00252,2025-02-13
MOV00747,PROD0118,SALE,3,75,72,38000,Xuất kho bán hàng ORD00252,2025-02-13
MOV00748,PROD0045,SALE,2,51,49,25000,Xuất kho bán hàng ORD00252,2025-02-13
MOV00749,PROD0075,SALE,2,23,21,20000,Xuất kho bán hàng ORD00252,2025-02-13
MOV00750,PROD0019,SALE,3,40,37,15000,Xuất kho bán hàng ORD00253,2025-02-13
MOV00751,PROD0046,SALE,1,55,54,173000,Xuất kho bán hàng ORD00253,2025-02-13
MOV00752,PROD0103,SALE,2,38,36,50000,Xuất kho bán hàng ORD00254,2025-02-13
MOV00753,PROD0030,SALE,1,38,37,10000,Xuất kho bán hàng ORD00254,2025-02-13
MOV00754,PROD0048,SALE,3,38,35,50000,Xuất kho bán hàng ORD00254,2025-02-13
MOV00755,PROD0060,SALE,2,30,28,10000,Xuất kho bán hàng ORD00254,2025-02-13
MOV00756,PROD0055,SALE,3,25,22,9000,Xuất kho bán hàng ORD00255,2025-02-13
MOV00757,PROD0064,SALE,2,68,66,10000,Xuất kho bán hàng ORD00256,2025-02-14
MOV00758,PROD0014,SALE,3,42,39,60000,Xuất kho bán hàng ORD00257,2025-02-14
MOV00759,PROD0032,SALE,1,49,48,35000,Xuất kho bán hàng ORD00257,2025-02-14
MOV00760,PROD0099,SALE,2,40,38,22000,Xuất kho bán hàng ORD00257,2025-02-14
MOV00761,PROD0033,SALE,3,47,44,15000,Xuất kho bán hàng ORD00258,2025-02-14
MOV00762,PROD0122,SALE,2,59,57,60000,Xuất kho bán hàng ORD00258,2025-02-14
MOV00763,PROD0121,SALE,3,61,58,35000,Xuất kho bán hàng ORD00258,2025-02-14
MOV00764,PROD0106,SALE,1,67,66,25000,Xuất kho bán hàng ORD00259,2025-02-14
MOV00765,PROD0105,SALE,2,56,54,12000,Xuất kho bán hàng ORD00260,2025-02-14
MOV00766,PROD0081,SALE,1,18,17,12000,Xuất kho bán hàng ORD00260,2025-02-14
MOV00767,PROD0025,SALE,3,24,21,5000,Xuất kho bán hàng ORD00260,2025-02-14
MOV00768,PROD0032,SALE,2,48,46,35000,Xuất kho bán hàng ORD00261,2025-02-15
MOV00769,PROD0108,SALE,2,37,35,30000,Xuất kho bán hàng ORD00261,2025-02-15
MOV00770,PROD0050,SALE,1,67,66,5000,Xuất kho bán hàng ORD00261,2025-02-15
MOV00771,PROD0082,SALE,1,41,40,15000,Xuất kho bán hàng ORD00262,2025-02-15
MOV00772,PROD0109,SALE,2,47,45,9000,Xuất kho bán hàng ORD00262,2025-02-15
MOV00773,PROD0011,SALE,3,40,37,100000,Xuất kho bán hàng ORD00263,2025-02-15
MOV00774,PROD0006,SALE,1,45,44,15000,Xuất kho bán hàng ORD00263,2025-02-15
MOV00775,PROD0104,SALE,2,22,20,50000,Xuất kho bán hàng ORD00263,2025-02-15
MOV00776,PROD0092,SALE,1,42,41,25000,Xuất kho bán hàng ORD00264,2025-02-15
MOV00777,PROD0008,SALE,2,80,78,28000,Xuất kho bán hàng ORD00264,2025-02-15
MOV00778,PROD0055,SALE,2,22,20,9000,Xuất kho bán hàng ORD00265,2025-02-16
MOV00779,PROD0112,SALE,2,58,56,12000,Xuất kho bán hàng ORD00266,2025-02-16
MOV00780,PROD0087,SALE,2,38,36,22000,Xuất kho bán hàng ORD00267,2025-02-16
MOV00781,PROD0045,SALE,2,49,47,25000,Xuất kho bán hàng ORD00267,2025-02-16
MOV00782,PROD0079,SALE,1,31,30,30000,Xuất kho bán hàng ORD00267,2025-02-16
MOV00783,PROD0061,SALE,3,51,48,20000,Xuất kho bán hàng ORD00267,2025-02-16
MOV00784,PROD0042,SALE,3,56,53,9000,Xuất kho bán hàng ORD00268,2025-02-16
MOV00785,PROD0050,SALE,3,66,63,5000,Xuất kho bán hàng ORD00269,2025-02-16
MOV00786,PROD0086,SALE,2,42,40,22000,Xuất kho bán hàng ORD00269,2025-02-16
MOV00787,PROD0027,SALE,3,35,32,12000,Xuất kho bán hàng ORD00269,2025-02-16
MOV00788,PROD0003,SALE,2,33,31,20000,Xuất kho bán hàng ORD00270,2025-02-16
MOV00789,PROD0117,SALE,1,40,39,100000,Xuất kho bán hàng ORD00270,2025-02-16
MOV00790,PROD0014,SALE,3,39,36,60000,Xuất kho bán hàng ORD00270,2025-02-16
MOV00791,PROD0039,SALE,3,21,18,20000,Xuất kho bán hàng ORD00271,2025-02-16
MOV00792,PROD0073,SALE,3,47,44,15000,Xuất kho bán hàng ORD00271,2025-02-16
MOV00793,PROD0043,SALE,2,61,59,18000,Xuất kho bán hàng ORD00271,2025-02-16
MOV00794,PROD0004,SALE,2,52,50,17000,Xuất kho bán hàng ORD00272,2025-02-16
MOV00795,PROD0023,SALE,2,47,45,25000,Xuất kho bán hàng ORD00272,2025-02-16
MOV00796,PROD0043,SALE,1,59,58,18000,Xuất kho bán hàng ORD00272,2025-02-16
MOV00797,PROD0011,SALE,3,37,34,100000,Xuất kho bán hàng ORD00273,2025-02-17
MOV00798,PROD0080,SALE,3,56,53,10000,Xuất kho bán hàng ORD00273,2025-02-17
MOV00799,PROD0095,SALE,2,55,53,12000,Xuất kho bán hàng ORD00273,2025-02-17
MOV00800,PROD0091,SALE,1,35,34,16000,Xuất kho bán hàng ORD00273,2025-02-17
MOV00801,PROD0057,SALE,1,38,37,35000,Xuất kho bán hàng ORD00274,2025-02-17
MOV00802,PROD0045,SALE,1,47,46,25000,Xuất kho bán hàng ORD00274,2025-02-17
MOV00803,PROD0032,SALE,3,46,43,35000,Xuất kho bán hàng ORD00274,2025-02-17
MOV00804,PROD0096,SALE,2,67,65,8000,Xuất kho bán hàng ORD00275,2025-02-17
MOV00805,PROD0070,SALE,3,33,30,22000,Xuất kho bán hàng ORD00275,2025-02-17
MOV00806,PROD0068,SALE,3,25,22,10000,Xuất kho bán hàng ORD00275,2025-02-17
MOV00807,PROD0057,SALE,3,37,34,35000,Xuất kho bán hàng ORD00275,2025-02-17
MOV00808,PROD0078,SALE,1,44,43,12000,Xuất kho bán hàng ORD00276,2025-02-17
MOV00809,PROD0005,SALE,3,28,25,25000,Xuất kho bán hàng ORD00276,2025-02-17
MOV00810,PROD0023,SALE,2,45,43,25000,Xuất kho bán hàng ORD00276,2025-02-17
MOV00811,PROD0027,SALE,1,32,31,12000,Xuất kho bán hàng ORD00276,2025-02-17
MOV00812,PROD0088,SALE,2,54,52,31000,Xuất kho bán hàng ORD00277,2025-02-17
MOV00813,PROD0003,SALE,1,31,30,20000,Xuất kho bán hàng ORD00277,2025-02-17
MOV00814,PROD0108,SALE,2,35,33,30000,Xuất kho bán hàng ORD00277,2025-02-17
MOV00815,PROD0104,SALE,2,20,18,50000,Xuất kho bán hàng ORD00278,2025-02-17
MOV00816,PROD0037,SALE,3,51,48,60000,Xuất kho bán hàng ORD00278,2025-02-17
MOV00817,PROD0022,SALE,2,59,57,45000,Xuất kho bán hàng ORD00278,2025-02-17
MOV00818,PROD0091,SALE,2,34,32,16000,Xuất kho bán hàng ORD00279,2025-02-18
MOV00819,PROD0118,SALE,3,72,69,38000,Xuất kho bán hàng ORD00280,2025-02-18
MOV00820,PROD0047,SALE,2,68,66,22000,Xuất kho bán hàng ORD00280,2025-02-18
MOV00821,PROD0043,SALE,3,58,55,18000,Xuất kho bán hàng ORD00281,2025-02-18
MOV00822,PROD0084,SALE,2,47,45,9000,Xuất kho bán hàng ORD00281,2025-02-18
MOV00823,PROD0122,SALE,2,57,55,60000,Xuất kho bán hàng ORD00282,2025-02-18
MOV00824,PROD0025,SALE,2,21,19,5000,Xuất kho bán hàng ORD00282,2025-02-18
MOV00825,PROD0106,SALE,2,66,64,25000,Xuất kho bán hàng ORD00282,2025-02-18
MOV00826,PROD0076,SALE,1,44,43,30000,Xuất kho bán hàng ORD00282,2025-02-18
MOV00827,PROD0043,SALE,1,55,54,18000,Xuất kho bán hàng ORD00283,2025-02-18
MOV00828,PROD0080,SALE,1,53,52,10000,Xuất kho bán hàng ORD00284,2025-02-18
MOV00829,PROD0044,SALE,3,61,58,25000,Xuất kho bán hàng ORD00284,2025-02-18
MOV00830,PROD0111,SALE,2,57,55,32000,Xuất kho bán hàng ORD00284,2025-02-18
MOV00831,PROD0099,SALE,1,38,37,22000,Xuất kho bán hàng ORD00284,2025-02-18
MOV00832,PROD0094,SALE,2,56,54,8000,Xuất kho bán hàng ORD00285,2025-02-19
MOV00833,PROD0118,SALE,3,69,66,38000,Xuất kho bán hàng ORD00285,2025-02-19
MOV00834,PROD0115,SALE,2,34,32,40000,Xuất kho bán hàng ORD00285,2025-02-19
MOV00835,PROD0056,SALE,3,37,34,15000,Xuất kho bán hàng ORD00286,2025-02-19
MOV00836,PROD0070,SALE,1,30,29,22000,Xuất kho bán hàng ORD00286,2025-02-19
MOV00837,PROD0069,SALE,1,67,66,15000,Xuất kho bán hàng ORD00287,2025-02-19
MOV00838,PROD0042,SALE,3,53,50,9000,Xuất kho bán hàng ORD00287,2025-02-19
MOV00839,PROD0031,SALE,3,88,85,35000,Xuất kho bán hàng ORD00288,2025-02-19
MOV00840,PROD0017,SALE,2,49,47,50000,Xuất kho bán hàng ORD00288,2025-02-19
MOV00841,PROD0113,SALE,1,40,39,10000,Xuất kho bán hàng ORD00288,2025-02-19
MOV00842,PROD0111,SALE,2,55,53,32000,Xuất kho bán hàng ORD00288,2025-02-19
MOV00843,PROD0005,SALE,2,25,23,25000,Xuất kho bán hàng ORD00289,2025-02-19
MOV00844,PROD0110,SALE,2,39,37,20000,Xuất kho bán hàng ORD00290,2025-02-19
MOV00845,PROD0005,SALE,2,23,21,25000,Xuất kho bán hàng ORD00291,2025-02-19
MOV00846,PROD0032,SALE,3,43,40,35000,Xuất kho bán hàng ORD00291,2025-02-19
MOV00847,PROD0058,SALE,3,55,52,28000,Xuất kho bán hàng ORD00291,2025-02-19
MOV00848,PROD0065,SALE,3,22,19,10000,Xuất kho bán hàng ORD00292,2025-02-20
MOV00849,PROD0090,SALE,2,38,36,12000,Xuất kho bán hàng ORD00292,2025-02-20
MOV00850,PROD0105,SALE,2,54,52,12000,Xuất kho bán hàng ORD00292,2025-02-20
MOV00851,PROD0068,SALE,2,22,20,10000,Xuất kho bán hàng ORD00292,2025-02-20
MOV00852,PROD0002,SALE,1,60,59,25000,Xuất kho bán hàng ORD00293,2025-02-20
MOV00853,PROD0120,SALE,3,32,29,30000,Xuất kho bán hàng ORD00293,2025-02-20
MOV00854,PROD0112,SALE,1,56,55,12000,Xuất kho bán hàng ORD00293,2025-02-20
MOV00855,PROD0066,SALE,1,52,51,25000,Xuất kho bán hàng ORD00294,2025-02-20
MOV00856,PROD0062,SALE,2,36,34,30000,Xuất kho bán hàng ORD00294,2025-02-20
MOV00857,PROD0012,SALE,3,43,40,75000,Xuất kho bán hàng ORD00294,2025-02-20
MOV00858,PROD0119,SALE,1,62,61,75000,Xuất kho bán hàng ORD00295,2025-02-20
MOV00859,PROD0055,SALE,3,20,17,9000,Xuất kho bán hàng ORD00296,2025-02-20
MOV00860,PROD0071,SALE,2,30,28,20000,Xuất kho bán hàng ORD00296,2025-02-20
MOV00861,PROD0115,SALE,3,32,29,40000,Xuất kho bán hàng ORD00296,2025-02-20
MOV00862,PROD0036,SALE,1,37,36,35000,Xuất kho bán hàng ORD00296,2025-02-20
MOV00863,PROD0072,SALE,3,56,53,22000,Xuất kho bán hàng ORD00297,2025-02-20
MOV00864,PROD0015,SALE,3,38,35,40000,Xuất kho bán hàng ORD00298,2025-02-21
MOV00865,PROD0061,SALE,3,48,45,20000,Xuất kho bán hàng ORD00298,2025-02-21
MOV00866,PROD0121,SALE,1,58,57,35000,Xuất kho bán hàng ORD00299,2025-02-21
MOV00867,PROD0047,SALE,2,66,64,22000,Xuất kho bán hàng ORD00299,2025-02-21
MOV00868,PROD0011,SALE,1,34,33,100000,Xuất kho bán hàng ORD00299,2025-02-21
MOV00869,PROD0075,SALE,3,21,18,20000,Xuất kho bán hàng ORD00299,2025-02-21
MOV00870,PROD0039,SALE,2,18,16,20000,Xuất kho bán hàng ORD00300,2025-02-21
MOV00871,PROD0089,SALE,2,60,58,8000,Xuất kho bán hàng ORD00300,2025-02-21
MOV00872,PROD0058,SALE,2,52,50,28000,Xuất kho bán hàng ORD00300,2025-02-21
MOV00873,PROD0047,SALE,1,64,63,22000,Xuất kho bán hàng ORD00301,2025-02-21
MOV00874,PROD0035,SALE,2,7,5,5000,Xuất kho bán hàng ORD00301,2025-02-21
MOV00875,PROD0088,SALE,1,52,51,31000,Xuất kho bán hàng ORD00301,2025-02-21
MOV00876,PROD0115,SALE,3,29,26,40000,Xuất kho bán hàng ORD00302,2025-02-22
MOV00877,PROD0002,SALE,3,59,56,25000,Xuất kho bán hàng ORD00302,2025-02-22
MOV00878,PROD0014,SALE,3,36,33,60000,Xuất kho bán hàng ORD00302,2025-02-22
MOV00879,PROD0096,SALE,1,65,64,8000,Xuất kho bán hàng ORD00303,2025-02-22
MOV00880,PROD0023,SALE,1,43,42,25000,Xuất kho bán hàng ORD00304,2025-02-22
MOV00881,PROD0037,SALE,2,48,46,60000,Xuất kho bán hàng ORD00304,2025-02-22
MOV00882,PROD0105,SALE,2,52,50,12000,Xuất kho bán hàng ORD00304,2025-02-22
MOV00883,PROD0013,SALE,3,36,33,25000,Xuất kho bán hàng ORD00304,2025-02-22
MOV00884,PROD0082,SALE,3,40,37,15000,Xuất kho bán hàng ORD00305,2025-02-22
MOV00885,PROD0005,SALE,1,21,20,25000,Xuất kho bán hàng ORD00305,2025-02-22
MOV00886,PROD0122,SALE,2,55,53,60000,Xuất kho bán hàng ORD00305,2025-02-22
MOV00887,PROD0080,SALE,1,52,51,10000,Xuất kho bán hàng ORD00306,2025-02-22
MOV00888,PROD0058,SALE,2,50,48,28000,Xuất kho bán hàng ORD00306,2025-02-22
MOV00889,PROD0060,SALE,2,28,26,10000,Xuất kho bán hàng ORD00307,2025-02-22
MOV00890,PROD0049,SALE,3,49,46,20000,Xuất kho bán hàng ORD00307,2025-02-22
MOV00891,PROD0038,SALE,3,61,58,30000,Xuất kho bán hàng ORD00307,2025-02-22
MOV00892,PROD0029,SALE,1,47,46,12000,Xuất kho bán hàng ORD00307,2025-02-22
MOV00893,PROD0022,SALE,3,57,54,45000,Xuất kho bán hàng ORD00308,2025-02-22
MOV00894,PROD0047,SALE,2,63,61,22000,Xuất kho bán hàng ORD00309,2025-02-23
MOV00895,PROD0001,SALE,3,19,16,30000,Xuất kho bán hàng ORD00309,2025-02-23
MOV00896,PROD0010,SALE,3,33,30,18000,Xuất kho bán hàng ORD00309,2025-02-23
MOV00897,PROD0094,SALE,1,54,53,8000,Xuất kho bán hàng ORD00310,2025-02-23
MOV00898,PROD0004,SALE,2,50,48,17000,Xuất kho bán hàng ORD00311,2025-02-23
MOV00899,PROD0080,SALE,1,51,50,10000,Xuất kho bán hàng ORD00311,2025-02-23
MOV00900,PROD0013,SALE,2,33,31,25000,Xuất kho bán hàng ORD00312,2025-02-23
MOV00901,PROD0088,SALE,2,51,49,31000,Xuất kho bán hàng ORD00312,2025-02-23
MOV00902,PROD0083,SALE,1,46,45,12000,Xuất kho bán hàng ORD00313,2025-02-23
MOV00903,PROD0053,SALE,2,24,22,40000,Xuất kho bán hàng ORD00313,2025-02-23
MOV00904,PROD0001,SALE,1,16,15,30000,Xuất kho bán hàng ORD00314,2025-02-23
MOV00905,PROD0073,SALE,2,44,42,15000,Xuất kho bán hàng ORD00314,2025-02-23
MOV00906,PROD0094,SALE,1,53,52,8000,Xuất kho bán hàng ORD00314,2025-02-23
MOV00907,PROD0074,SALE,3,37,34,18000,Xuất kho bán hàng ORD00314,2025-02-23
MOV00908,PROD0118,SALE,2,66,64,38000,Xuất kho bán hàng ORD00315,2025-02-23
MOV00909,PROD0026,SALE,2,34,32,5000,Xuất kho bán hàng ORD00315,2025-02-23
MOV00910,PROD0088,SALE,2,49,47,31000,Xuất kho bán hàng ORD00315,2025-02-23
MOV00911,PROD0037,SALE,2,46,44,60000,Xuất kho bán hàng ORD00316,2025-02-24
MOV00912,PROD0085,SALE,1,73,72,48000,Xuất kho bán hàng ORD00317,2025-02-24
MOV00913,PROD0072,SALE,1,53,52,22000,Xuất kho bán hàng ORD00318,2025-02-24
MOV00914,PROD0020,SALE,2,45,43,12000,Xuất kho bán hàng ORD00318,2025-02-24
MOV00915,PROD0088,SALE,1,47,46,31000,Xuất kho bán hàng ORD00318,2025-02-24
MOV00916,PROD0064,SALE,1,66,65,10000,Xuất kho bán hàng ORD00318,2025-02-24
MOV00917,PROD0117,SALE,1,39,38,100000,Xuất kho bán hàng ORD00319,2025-02-24
MOV00918,PROD0027,SALE,2,31,29,12000,Xuất kho bán hàng ORD00319,2025-02-24
MOV00919,PROD0111,SALE,2,53,51,32000,Xuất kho bán hàng ORD00319,2025-02-24
MOV00920,PROD0056,SALE,3,34,31,15000,Xuất kho bán hàng ORD00320,2025-02-24
MOV00921,PROD0103,SALE,1,36,35,50000,Xuất kho bán hàng ORD00320,2025-02-24
MOV00922,PROD0022,SALE,3,54,51,45000,Xuất kho bán hàng ORD00321,2025-02-24
MOV00923,PROD0101,SALE,2,33,31,10000,Xuất kho bán hàng ORD00321,2025-02-24
MOV00924,PROD0073,SALE,3,42,39,15000,Xuất kho bán hàng ORD00322,2025-02-25
MOV00925,PROD0116,SALE,2,50,48,45000,Xuất kho bán hàng ORD00322,2025-02-25
MOV00926,PROD0087,SALE,2,36,34,22000,Xuất kho bán hàng ORD00323,2025-02-25
MOV00927,PROD0014,SALE,2,33,31,60000,Xuất kho bán hàng ORD00323,2025-02-25
MOV00928,PROD0009,SALE,3,47,44,12000,Xuất kho bán hàng ORD00323,2025-02-25
MOV00929,PROD0073,SALE,3,39,36,15000,Xuất kho bán hàng ORD00323,2025-02-25
MOV00930,PROD0097,SALE,2,24,22,10000,Xuất kho bán hàng ORD00324,2025-02-25
MOV00931,PROD0091,SALE,1,32,31,16000,Xuất kho bán hàng ORD00324,2025-02-25
MOV00932,PROD0115,SALE,1,26,25,40000,Xuất kho bán hàng ORD00324,2025-02-25
MOV00933,PROD0047,SALE,1,61,60,22000,Xuất kho bán hàng ORD00325,2025-02-25
MOV00934,PROD0061,SALE,2,45,43,20000,Xuất kho bán hàng ORD00325,2025-02-25
MOV00935,PROD0069,SALE,1,66,65,15000,Xuất kho bán hàng ORD00325,2025-02-25
MOV00936,PROD0032,SALE,2,40,38,35000,Xuất kho bán hàng ORD00326,2025-02-25
MOV00937,PROD0057,SALE,2,34,32,35000,Xuất kho bán hàng ORD00327,2025-02-25
MOV00938,PROD0050,SALE,1,63,62,5000,Xuất kho bán hàng ORD00327,2025-02-25
MOV00939,PROD0113,SALE,2,39,37,10000,Xuất kho bán hàng ORD00327,2025-02-25
MOV00940,PROD0038,SALE,1,58,57,30000,Xuất kho bán hàng ORD00327,2025-02-25
MOV00941,PROD0096,SALE,2,64,62,8000,Xuất kho bán hàng ORD00328,2025-02-26
MOV00942,PROD0021,SALE,3,45,42,45000,Xuất kho bán hàng ORD00328,2025-02-26
MOV00943,PROD0117,SALE,2,38,36,100000,Xuất kho bán hàng ORD00328,2025-02-26
MOV00944,PROD0044,SALE,2,58,56,25000,Xuất kho bán hàng ORD00328,2025-02-26
MOV00945,PROD0062,SALE,1,34,33,30000,Xuất kho bán hàng ORD00329,2025-02-26
MOV00946,PROD0095,SALE,2,53,51,12000,Xuất kho bán hàng ORD00330,2025-02-26
MOV00947,PROD0064,SALE,2,65,63,10000,Xuất kho bán hàng ORD00330,2025-02-26
MOV00948,PROD0116,SALE,2,48,46,45000,Xuất kho bán hàng ORD00330,2025-02-26
MOV00949,PROD0081,SALE,3,17,14,12000,Xuất kho bán hàng ORD00330,2025-02-26
MOV00950,PROD0081,SALE,2,14,12,12000,Xuất kho bán hàng ORD00331,2025-02-26
MOV00951,PROD0047,SALE,3,60,57,22000,Xuất kho bán hàng ORD00332,2025-02-26
MOV00952,PROD0094,SALE,1,52,51,8000,Xuất kho bán hàng ORD00333,2025-02-26
MOV00953,PROD0016,SALE,1,41,40,150000,Xuất kho bán hàng ORD00333,2025-02-26
MOV00954,PROD0088,SALE,2,46,44,31000,Xuất kho bán hàng ORD00333,2025-02-26
MOV00955,PROD0110,SALE,2,37,35,20000,Xuất kho bán hàng ORD00334,2025-02-26
MOV00956,PROD0115,SALE,3,25,22,40000,Xuất kho bán hàng ORD00334,2025-02-26
MOV00957,PROD0072,SALE,3,52,49,22000,Xuất kho bán hàng ORD00334,2025-02-26
MOV00958,PROD0120,SALE,1,29,28,30000,Xuất kho bán hàng ORD00335,2025-02-26
MOV00959,PROD0001,SALE,2,15,13,30000,Xuất kho bán hàng ORD00335,2025-02-26
MOV00960,PROD0038,SALE,2,57,55,30000,Xuất kho bán hàng ORD00335,2025-02-26
MOV00961,PROD0121,SALE,2,57,55,35000,Xuất kho bán hàng ORD00335,2025-02-26
MOV00962,PROD0105,SALE,2,50,48,12000,Xuất kho bán hàng ORD00336,2025-02-27
MOV00963,PROD0101,SALE,2,31,29,10000,Xuất kho bán hàng ORD00336,2025-02-27
MOV00964,PROD0081,SALE,1,12,11,12000,Xuất kho bán hàng ORD00336,2025-02-27
MOV00965,PROD0050,SALE,2,62,60,5000,Xuất kho bán hàng ORD00337,2025-02-27
MOV00966,PROD0038,SALE,3,55,52,30000,Xuất kho bán hàng ORD00337,2025-02-27
MOV00967,PROD0094,SALE,2,51,49,8000,Xuất kho bán hàng ORD00337,2025-02-27
MOV00968,PROD0055,SALE,1,17,16,9000,Xuất kho bán hàng ORD00337,2025-02-27
MOV00969,PROD0072,SALE,2,49,47,22000,Xuất kho bán hàng ORD00338,2025-02-27
MOV00970,PROD0018,SALE,3,46,43,125000,Xuất kho bán hàng ORD00338,2025-02-27
MOV00971,PROD0027,SALE,3,29,26,12000,Xuất kho bán hàng ORD00338,2025-02-27
MOV00972,PROD0026,SALE,2,32,30,5000,Xuất kho bán hàng ORD00338,2025-02-27
MOV00973,PROD0021,SALE,3,42,39,45000,Xuất kho bán hàng ORD00339,2025-02-27
MOV00974,PROD0114,SALE,2,75,73,50000,Xuất kho bán hàng ORD00339,2025-02-27
MOV00975,PROD0003,SALE,2,30,28,20000,Xuất kho bán hàng ORD00340,2025-02-27
MOV00976,PROD0104,SALE,1,18,17,50000,Xuất kho bán hàng ORD00340,2025-02-27
MOV00977,PROD0119,SALE,2,61,59,75000,Xuất kho bán hàng ORD00341,2025-02-28
MOV00978,PROD0010,SALE,3,30,27,18000,Xuất kho bán hàng ORD00342,2025-02-28
MOV00979,PROD0005,SALE,3,20,17,25000,Xuất kho bán hàng ORD00343,2025-02-28
MOV00980,PROD0112,SALE,2,55,53,12000,Xuất kho bán hàng ORD00344,2025-02-28
MOV00981,PROD0036,SALE,3,36,33,35000,Xuất kho bán hàng ORD00344,2025-02-28
MOV00982,PROD0013,SALE,2,31,29,25000,Xuất kho bán hàng ORD00345,2025-02-28
MOV00983,PROD0010,SALE,1,27,26,18000,Xuất kho bán hàng ORD00345,2025-02-28
MOV00984,PROD0034,SALE,2,66,64,20000,Xuất kho bán hàng ORD00345,2025-02-28
MOV00985,PROD0043,SALE,3,54,51,18000,Xuất kho bán hàng ORD00345,2025-02-28
MOV00986,PROD0022,SALE,3,51,48,45000,Xuất kho bán hàng ORD00346,2025-02-28
MOV00987,PROD0025,SALE,3,19,16,5000,Xuất kho bán hàng ORD00346,2025-02-28
MOV00988,PROD0116,SALE,1,46,45,45000,Xuất kho bán hàng ORD00347,2025-02-28
MOV00989,PROD0065,SALE,3,19,16,10000,Xuất kho bán hàng ORD00347,2025-02-28
MOV00990,PROD0003,SALE,1,28,27,20000,Xuất kho bán hàng ORD00347,2025-02-28
MOV00991,PROD0021,SALE,3,39,36,45000,Xuất kho bán hàng ORD00348,2025-03-01
MOV00992,PROD0044,SALE,2,56,54,25000,Xuất kho bán hàng ORD00348,2025-03-01
MOV00993,PROD0036,SALE,3,33,30,35000,Xuất kho bán hàng ORD00348,2025-03-01
MOV00994,PROD0047,SALE,2,57,55,22000,Xuất kho bán hàng ORD00349,2025-03-01
MOV00995,PROD0091,SALE,1,31,30,16000,Xuất kho bán hàng ORD00350,2025-03-01
MOV00996,PROD0071,SALE,1,28,27,20000,Xuất kho bán hàng ORD00350,2025-03-01
MOV00997,PROD0022,SALE,1,48,47,45000,Xuất kho bán hàng ORD00350,2025-03-01
MOV00998,PROD0079,SALE,3,30,27,30000,Xuất kho bán hàng ORD00350,2025-03-01
MOV00999,PROD0030,SALE,2,37,35,10000,Xuất kho bán hàng ORD00351,2025-03-01
MOV01000,PROD0080,SALE,2,50,48,10000,Xuất kho bán hàng ORD00351,2025-03-01
MOV01001,PROD0026,SALE,3,30,27,5000,Xuất kho bán hàng ORD00352,2025-03-01
MOV01002,PROD0021,SALE,1,36,35,45000,Xuất kho bán hàng ORD00353,2025-03-01
MOV01003,PROD0118,SALE,3,64,61,38000,Xuất kho bán hàng ORD00353,2025-03-01
MOV01004,PROD0026,SALE,2,27,25,5000,Xuất kho bán hàng ORD00354,2025-03-02
MOV01005,PROD0051,SALE,1,60,59,8000,Xuất kho bán hàng ORD00355,2025-03-02
MOV01006,PROD0022,SALE,1,47,46,45000,Xuất kho bán hàng ORD00355,2025-03-02
MOV01007,PROD0029,SALE,2,46,44,12000,Xuất kho bán hàng ORD00355,2025-03-02
MOV01008,PROD0093,SALE,1,33,32,24000,Xuất kho bán hàng ORD00356,2025-03-02
MOV01009,PROD0002,SALE,1,56,55,25000,Xuất kho bán hàng ORD00356,2025-03-02
MOV01010,PROD0080,SALE,2,48,46,10000,Xuất kho bán hàng ORD00356,2025-03-02
MOV01011,PROD0055,SALE,1,16,15,9000,Xuất kho bán hàng ORD00356,2025-03-02
MOV01012,PROD0105,SALE,2,48,46,12000,Xuất kho bán hàng ORD00357,2025-03-02
MOV01013,PROD0067,SALE,2,40,38,30000,Xuất kho bán hàng ORD00357,2025-03-02
MOV01014,PROD0042,SALE,3,50,47,9000,Xuất kho bán hàng ORD00357,2025-03-02
MOV01015,PROD0082,SALE,1,37,36,15000,Xuất kho bán hàng ORD00357,2025-03-02
MOV01016,PROD0052,SALE,2,46,44,12000,Xuất kho bán hàng ORD00358,2025-03-02
MOV01017,PROD0105,SALE,2,46,44,12000,Xuất kho bán hàng ORD00358,2025-03-02
MOV01018,PROD0042,SALE,3,47,44,9000,Xuất kho bán hàng ORD00358,2025-03-02
MOV01019,PROD0068,SALE,1,20,19,10000,Xuất kho bán hàng ORD00359,2025-03-02
MOV01020,PROD0095,SALE,1,51,50,12000,Xuất kho bán hàng ORD00359,2025-03-02
MOV01021,PROD0039,SALE,1,16,15,20000,Xuất kho bán hàng ORD00360,2025-03-02
MOV01022,PROD0055,SALE,3,15,12,9000,Xuất kho bán hàng ORD00360,2025-03-02
MOV01023,PROD0053,SALE,3,22,19,40000,Xuất kho bán hàng ORD00360,2025-03-02
MOV01024,PROD0040,SALE,1,56,55,40000,Xuất kho bán hàng ORD00361,2025-03-03
MOV01025,PROD0070,SALE,1,29,28,22000,Xuất kho bán hàng ORD00361,2025-03-03
MOV01026,PROD0077,SALE,1,22,21,6000,Xuất kho bán hàng ORD00361,2025-03-03
MOV01027,PROD0080,SALE,2,46,44,10000,Xuất kho bán hàng ORD00361,2025-03-03
MOV01028,PROD0079,SALE,3,27,24,30000,Xuất kho bán hàng ORD00362,2025-03-03
MOV01029,PROD0086,SALE,2,40,38,22000,Xuất kho bán hàng ORD00362,2025-03-03
MOV01030,PROD0027,SALE,2,26,24,12000,Xuất kho bán hàng ORD00362,2025-03-03
MOV01031,PROD0110,SALE,2,35,33,20000,Xuất kho bán hàng ORD00363,2025-03-03
MOV01032,PROD0074,SALE,3,34,31,18000,Xuất kho bán hàng ORD00363,2025-03-03
MOV01033,PROD0057,SALE,1,32,31,35000,Xuất kho bán hàng ORD00364,2025-03-03
MOV01034,PROD0070,SALE,3,28,25,22000,Xuất kho bán hàng ORD00365,2025-03-04
MOV01035,PROD0057,SALE,3,31,28,35000,Xuất kho bán hàng ORD00365,2025-03-04
MOV01036,PROD0042,SALE,2,44,42,9000,Xuất kho bán hàng ORD00365,2025-03-04
MOV01037,PROD0072,SALE,1,47,46,22000,Xuất kho bán hàng ORD00366,2025-03-04
MOV01038,PROD0111,SALE,1,51,50,32000,Xuất kho bán hàng ORD00366,2025-03-04
MOV01039,PROD0104,SALE,2,17,15,50000,Xuất kho bán hàng ORD00366,2025-03-04
MOV01040,PROD0021,SALE,1,35,34,45000,Xuất kho bán hàng ORD00366,2025-03-04
MOV01041,PROD0065,SALE,1,16,15,10000,Xuất kho bán hàng ORD00367,2025-03-04
MOV01042,PROD0094,SALE,1,49,48,8000,Xuất kho bán hàng ORD00368,2025-03-04
MOV01043,PROD0105,SALE,1,44,43,12000,Xuất kho bán hàng ORD00368,2025-03-04
MOV01044,PROD0110,SALE,1,33,32,20000,Xuất kho bán hàng ORD00368,2025-03-04
MOV01045,PROD0106,SALE,2,64,62,25000,Xuất kho bán hàng ORD00368,2025-03-04
MOV01046,PROD0097,SALE,1,22,21,10000,Xuất kho bán hàng ORD00369,2025-03-04
MOV01047,PROD0054,SALE,2,41,39,25000,Xuất kho bán hàng ORD00369,2025-03-04
MOV01048,PROD0123,SALE,1,59,58,90000,Xuất kho bán hàng ORD00369,2025-03-04
MOV01049,PROD0083,SALE,1,45,44,12000,Xuất kho bán hàng ORD00370,2025-03-05
MOV01050,PROD0049,SALE,1,46,45,20000,Xuất kho bán hàng ORD00370,2025-03-05
MOV01051,PROD0119,SALE,3,59,56,75000,Xuất kho bán hàng ORD00370,2025-03-05
MOV01052,PROD0091,SALE,2,30,28,16000,Xuất kho bán hàng ORD00370,2025-03-05
MOV01053,PROD0109,SALE,2,45,43,9000,Xuất kho bán hàng ORD00371,2025-03-05
MOV01054,PROD0117,SALE,3,36,33,100000,Xuất kho bán hàng ORD00372,2025-03-05
MOV01055,PROD0123,SALE,3,58,55,90000,Xuất kho bán hàng ORD00373,2025-03-05
MOV01056,PROD0080,SALE,3,44,41,10000,Xuất kho bán hàng ORD00373,2025-03-05
MOV01057,PROD0022,SALE,3,46,43,45000,Xuất kho bán hàng ORD00373,2025-03-05
MOV01058,PROD0018,SALE,1,43,42,125000,Xuất kho bán hàng ORD00374,2025-03-05
MOV01059,PROD0059,SALE,1,36,35,234000,Xuất kho bán hàng ORD00374,2025-03-05
MOV01060,PROD0110,SALE,2,32,30,20000,Xuất kho bán hàng ORD00374,2025-03-05
MOV01061,PROD0110,SALE,1,30,29,20000,Xuất kho bán hàng ORD00375,2025-03-05
MOV01062,PROD0022,SALE,1,43,42,45000,Xuất kho bán hàng ORD00375,2025-03-05
MOV01063,PROD0102,SALE,1,57,56,14000,Xuất kho bán hàng ORD00375,2025-03-05
MOV01064,PROD0039,SALE,2,15,13,20000,Xuất kho bán hàng ORD00375,2025-03-05
MOV01065,PROD0026,SALE,3,25,22,5000,Xuất kho bán hàng ORD00376,2025-03-06
MOV01066,PROD0103,SALE,1,35,34,50000,Xuất kho bán hàng ORD00376,2025-03-06
MOV01067,PROD0085,SALE,1,72,71,48000,Xuất kho bán hàng ORD00377,2025-03-06
MOV01068,PROD0070,SALE,3,25,22,22000,Xuất kho bán hàng ORD00377,2025-03-06
MOV01069,PROD0011,SALE,3,33,30,100000,Xuất kho bán hàng ORD00378,2025-03-06
MOV01070,PROD0025,SALE,1,16,15,5000,Xuất kho bán hàng ORD00378,2025-03-06
MOV01071,PROD0090,SALE,1,36,35,12000,Xuất kho bán hàng ORD00379,2025-03-06
MOV01072,PROD0050,SALE,2,60,58,5000,Xuất kho bán hàng ORD00379,2025-03-06
MOV01073,PROD0073,SALE,2,36,34,15000,Xuất kho bán hàng ORD00379,2025-03-06
MOV01074,PROD0080,SALE,1,41,40,10000,Xuất kho bán hàng ORD00379,2025-03-06
MOV01075,PROD0002,SALE,2,55,53,25000,Xuất kho bán hàng ORD00380,2025-03-06
MOV01076,PROD0049,SALE,2,45,43,20000,Xuất kho bán hàng ORD00381,2025-03-07
MOV01077,PROD0072,SALE,1,46,45,22000,Xuất kho bán hàng ORD00382,2025-03-07
MOV01078,PROD0044,SALE,1,54,53,25000,Xuất kho bán hàng ORD00383,2025-03-07
MOV01079,PROD0048,SALE,2,35,33,50000,Xuất kho bán hàng ORD00383,2025-03-07
MOV01080,PROD0004,SALE,2,48,46,17000,Xuất kho bán hàng ORD00384,2025-03-07
MOV01081,PROD0070,SALE,2,22,20,22000,Xuất kho bán hàng ORD00384,2025-03-07
MOV01082,PROD0104,SALE,2,15,13,50000,Xuất kho bán hàng ORD00385,2025-03-07
MOV01083,PROD0057,SALE,2,28,26,35000,Xuất kho bán hàng ORD00386,2025-03-07
MOV01084,PROD0112,SALE,2,53,51,12000,Xuất kho bán hàng ORD00386,2025-03-07
MOV01085,PROD0016,SALE,1,40,39,150000,Xuất kho bán hàng ORD00386,2025-03-07
MOV01086,PROD0093,SALE,2,32,30,24000,Xuất kho bán hàng ORD00387,2025-03-07
MOV01087,PROD0110,SALE,2,29,27,20000,Xuất kho bán hàng ORD00387,2025-03-07
MOV01088,PROD0015,SALE,1,35,34,40000,Xuất kho bán hàng ORD00387,2025-03-07
MOV01089,PROD0107,SALE,2,29,27,12000,Xuất kho bán hàng ORD00388,2025-03-08
MOV01090,PROD0042,SALE,2,42,40,9000,Xuất kho bán hàng ORD00388,2025-03-08
MOV01091,PROD0059,SALE,1,35,34,234000,Xuất kho bán hàng ORD00388,2025-03-08
MOV01092,PROD0071,SALE,2,27,25,20000,Xuất kho bán hàng ORD00388,2025-03-08
MOV01093,PROD0095,SALE,1,50,49,12000,Xuất kho bán hàng ORD00389,2025-03-08
MOV01094,PROD0078,SALE,2,43,41,12000,Xuất kho bán hàng ORD00389,2025-03-08
MOV01095,PROD0003,SALE,1,27,26,20000,Xuất kho bán hàng ORD00389,2025-03-08
MOV01096,PROD0012,SALE,2,40,38,75000,Xuất kho bán hàng ORD00389,2025-03-08
MOV01097,PROD0044,SALE,1,53,52,25000,Xuất kho bán hàng ORD00390,2025-03-08
MOV01098,PROD0004,SALE,2,46,44,17000,Xuất kho bán hàng ORD00390,2025-03-08
MOV01099,PROD0015,SALE,2,34,32,40000,Xuất kho bán hàng ORD00390,2025-03-08
MOV01100,PROD0080,SALE,3,40,37,10000,Xuất kho bán hàng ORD00391,2025-03-08
MOV01101,PROD0008,SALE,2,78,76,28000,Xuất kho bán hàng ORD00392,2025-03-08
MOV01102,PROD0090,SALE,2,35,33,12000,Xuất kho bán hàng ORD00392,2025-03-08
MOV01103,PROD0096,SALE,2,62,60,8000,Xuất kho bán hàng ORD00392,2025-03-08
MOV01104,PROD0080,SALE,2,37,35,10000,Xuất kho bán hàng ORD00392,2025-03-08
MOV01105,PROD0066,SALE,2,51,49,25000,Xuất kho bán hàng ORD00393,2025-03-09
MOV01106,PROD0071,SALE,3,25,22,20000,Xuất kho bán hàng ORD00393,2025-03-09
MOV01107,PROD0061,SALE,1,43,42,20000,Xuất kho bán hàng ORD00393,2025-03-09
MOV01108,PROD0073,SALE,3,34,31,15000,Xuất kho bán hàng ORD00393,2025-03-09
MOV01109,PROD0100,SALE,1,35,34,9000,Xuất kho bán hàng ORD00394,2025-03-09
MOV01110,PROD0091,SALE,1,28,27,16000,Xuất kho bán hàng ORD00394,2025-03-09
MOV01111,PROD0032,SALE,2,38,36,35000,Xuất kho bán hàng ORD00394,2025-03-09
MOV01112,PROD0037,SALE,3,44,41,60000,Xuất kho bán hàng ORD00394,2025-03-09
MOV01113,PROD0058,SALE,2,48,46,28000,Xuất kho bán hàng ORD00395,2025-03-09
MOV01114,PROD0006,SALE,3,44,41,15000,Xuất kho bán hàng ORD00395,2025-03-09
MOV01115,PROD0089,SALE,2,58,56,8000,Xuất kho bán hàng ORD00396,2025-03-09
MOV01116,PROD0001,SALE,3,13,10,30000,Xuất kho bán hàng ORD00396,2025-03-09
MOV01117,PROD0051,SALE,1,59,58,8000,Xuất kho bán hàng ORD00396,2025-03-09
MOV01118,PROD0081,SALE,1,11,10,12000,Xuất kho bán hàng ORD00396,2025-03-09
MOV01119,PROD0060,SALE,3,26,23,10000,Xuất kho bán hàng ORD00397,2025-03-09
MOV01120,PROD0059,SALE,2,34,32,234000,Xuất kho bán hàng ORD00397,2025-03-09
MOV01121,PROD0093,SALE,1,30,29,24000,Xuất kho bán hàng ORD00397,2025-03-09
MOV01122,PROD0003,SALE,1,26,25,20000,Xuất kho bán hàng ORD00398,2025-03-10
MOV01123,PROD0021,SALE,3,34,31,45000,Xuất kho bán hàng ORD00398,2025-03-10
MOV01124,PROD0040,SALE,2,55,53,40000,Xuất kho bán hàng ORD00398,2025-03-10
MOV01125,PROD0074,SALE,2,31,29,18000,Xuất kho bán hàng ORD00399,2025-03-10
MOV01126,PROD0101,SALE,1,29,28,10000,Xuất kho bán hàng ORD00399,2025-03-10
MOV01127,PROD0049,SALE,2,43,41,20000,Xuất kho bán hàng ORD00400,2025-03-10
MOV01128,PROD0054,SALE,1,39,38,25000,Xuất kho bán hàng ORD00400,2025-03-10
MOV01129,PROD0022,SALE,1,42,41,45000,Xuất kho bán hàng ORD00400,2025-03-10
MOV01130,PROD0028,SALE,2,78,76,5000,Xuất kho bán hàng ORD00401,2025-03-10
MOV01131,PROD0046,SALE,3,54,51,173000,Xuất kho bán hàng ORD00401,2025-03-10
MOV01132,PROD0029,SALE,1,44,43,12000,Xuất kho bán hàng ORD00401,2025-03-10
MOV01133,PROD0010,SALE,3,26,23,18000,Xuất kho bán hàng ORD00401,2025-03-10
MOV01134,PROD0038,SALE,2,52,50,30000,Xuất kho bán hàng ORD00402,2025-03-10
MOV01135,PROD0065,SALE,2,15,13,10000,Xuất kho bán hàng ORD00403,2025-03-10
MOV01136,PROD0080,SALE,1,35,34,10000,Xuất kho bán hàng ORD00404,2025-03-11
MOV01137,PROD0037,SALE,1,41,40,60000,Xuất kho bán hàng ORD00404,2025-03-11
MOV01138,PROD0103,SALE,1,34,33,50000,Xuất kho bán hàng ORD00405,2025-03-11
MOV01139,PROD0020,SALE,1,43,42,12000,Xuất kho bán hàng ORD00405,2025-03-11
MOV01140,PROD0119,SALE,3,56,53,75000,Xuất kho bán hàng ORD00405,2025-03-11
MOV01141,PROD0067,SALE,1,38,37,30000,Xuất kho bán hàng ORD00405,2025-03-11
MOV01142,PROD0057,SALE,2,26,24,35000,Xuất kho bán hàng ORD00406,2025-03-11
MOV01143,PROD0018,SALE,3,42,39,125000,Xuất kho bán hàng ORD00407,2025-03-11
MOV01144,PROD0031,SALE,3,85,82,35000,Xuất kho bán hàng ORD00408,2025-03-12
MOV01145,PROD0042,SALE,1,40,39,9000,Xuất kho bán hàng ORD00408,2025-03-12
MOV01146,PROD0075,SALE,3,18,15,20000,Xuất kho bán hàng ORD00409,2025-03-12
MOV01147,PROD0117,SALE,2,33,31,100000,Xuất kho bán hàng ORD00409,2025-03-12
MOV01148,PROD0044,SALE,2,52,50,25000,Xuất kho bán hàng ORD00409,2025-03-12
MOV01149,PROD0054,SALE,2,38,36,25000,Xuất kho bán hàng ORD00409,2025-03-12
MOV01150,PROD0054,SALE,2,36,34,25000,Xuất kho bán hàng ORD00410,2025-03-12
MOV01151,PROD0105,SALE,1,43,42,12000,Xuất kho bán hàng ORD00410,2025-03-12
MOV01152,PROD0029,SALE,3,43,40,12000,Xuất kho bán hàng ORD00410,2025-03-12
MOV01153,PROD0073,SALE,2,31,29,15000,Xuất kho bán hàng ORD00411,2025-03-12
MOV01154,PROD0095,SALE,2,49,47,12000,Xuất kho bán hàng ORD00411,2025-03-12
MOV01155,PROD0052,SALE,2,44,42,12000,Xuất kho bán hàng ORD00411,2025-03-12
MOV01156,PROD0028,SALE,3,76,73,5000,Xuất kho bán hàng ORD00412,2025-03-12
MOV01157,PROD0110,SALE,2,27,25,20000,Xuất kho bán hàng ORD00412,2025-03-12
MOV01158,PROD0088,SALE,1,44,43,31000,Xuất kho bán hàng ORD00412,2025-03-12
MOV01159,PROD0047,SALE,3,55,52,22000,Xuất kho bán hàng ORD00412,2025-03-12
MOV01160,PROD0013,SALE,3,29,26,25000,Xuất kho bán hàng ORD00413,2025-03-12
MOV01161,PROD0073,SALE,1,29,28,15000,Xuất kho bán hàng ORD00414,2025-03-13
MOV01162,PROD0116,SALE,2,45,43,45000,Xuất kho bán hàng ORD00414,2025-03-13
MOV01163,PROD0090,SALE,2,33,31,12000,Xuất kho bán hàng ORD00414,2025-03-13
MOV01164,PROD0045,SALE,2,46,44,25000,Xuất kho bán hàng ORD00415,2025-03-13
MOV01165,PROD0043,SALE,3,51,48,18000,Xuất kho bán hàng ORD00415,2025-03-13
MOV01166,PROD0055,SALE,2,12,10,9000,Xuất kho bán hàng ORD00415,2025-03-13
MOV01167,PROD0060,SALE,3,23,20,10000,Xuất kho bán hàng ORD00416,2025-03-13
MOV01168,PROD0074,SALE,3,29,26,18000,Xuất kho bán hàng ORD00416,2025-03-13
MOV01169,PROD0122,SALE,3,53,50,60000,Xuất kho bán hàng ORD00416,2025-03-13
MOV01170,PROD0054,SALE,1,34,33,25000,Xuất kho bán hàng ORD00416,2025-03-13
MOV01171,PROD0018,SALE,3,39,36,125000,Xuất kho bán hàng ORD00417,2025-03-13
MOV01172,PROD0094,SALE,1,48,47,8000,Xuất kho bán hàng ORD00417,2025-03-13
MOV01173,PROD0121,SALE,1,55,54,35000,Xuất kho bán hàng ORD00417,2025-03-13
MOV01174,PROD0049,SALE,1,41,40,20000,Xuất kho bán hàng ORD00417,2025-03-13
MOV01175,PROD0032,SALE,1,36,35,35000,Xuất kho bán hàng ORD00418,2025-03-14
MOV01176,PROD0072,SALE,3,45,42,22000,Xuất kho bán hàng ORD00418,2025-03-14
MOV01177,PROD0081,SALE,1,10,9,12000,Xuất kho bán hàng ORD00418,2025-03-14
MOV01178,PROD0028,SALE,1,73,72,5000,Xuất kho bán hàng ORD00419,2025-03-14
MOV01179,PROD0097,SALE,1,21,20,10000,Xuất kho bán hàng ORD00419,2025-03-14
MOV01180,PROD0026,SALE,2,22,20,5000,Xuất kho bán hàng ORD00420,2025-03-14
MOV01181,PROD0049,SALE,2,40,38,20000,Xuất kho bán hàng ORD00420,2025-03-14
MOV01182,PROD0010,SALE,3,23,20,18000,Xuất kho bán hàng ORD00420,2025-03-14
MOV01183,PROD0081,SALE,3,9,6,12000,Xuất kho bán hàng ORD00421,2025-03-14
MOV01184,PROD0029,SALE,2,40,38,12000,Xuất kho bán hàng ORD00422,2025-03-14
MOV01185,PROD0014,SALE,3,31,28,60000,Xuất kho bán hàng ORD00422,2025-03-14
MOV01186,PROD0092,SALE,2,41,39,25000,Xuất kho bán hàng ORD00422,2025-03-14
MOV01187,PROD0044,SALE,1,50,49,25000,Xuất kho bán hàng ORD00422,2025-03-14
MOV01188,PROD0113,SALE,2,37,35,10000,Xuất kho bán hàng ORD00423,2025-03-14
MOV01189,PROD0044,SALE,3,49,46,25000,Xuất kho bán hàng ORD00423,2025-03-14
MOV01190,PROD0003,SALE,3,25,22,20000,Xuất kho bán hàng ORD00423,2025-03-14
MOV01191,PROD0115,SALE,2,22,20,40000,Xuất kho bán hàng ORD00423,2025-03-14
MOV01192,PROD0098,SALE,2,45,43,15000,Xuất kho bán hàng ORD00424,2025-03-15
MOV01193,PROD0086,SALE,2,38,36,22000,Xuất kho bán hàng ORD00424,2025-03-15
MOV01194,PROD0093,SALE,1,29,28,24000,Xuất kho bán hàng ORD00424,2025-03-15
MOV01195,PROD0041,SALE,3,53,50,20000,Xuất kho bán hàng ORD00424,2025-03-15
MOV01196,PROD0022,SALE,3,41,38,45000,Xuất kho bán hàng ORD00425,2025-03-15
MOV01197,PROD0112,SALE,2,51,49,12000,Xuất kho bán hàng ORD00426,2025-03-15
MOV01198,PROD0048,SALE,1,33,32,50000,Xuất kho bán hàng ORD00426,2025-03-15
MOV01199,PROD0086,SALE,1,36,35,22000,Xuất kho bán hàng ORD00426,2025-03-15
MOV01200,PROD0028,SALE,2,72,70,5000,Xuất kho bán hàng ORD00427,2025-03-15
MOV01201,PROD0069,SALE,1,65,64,15000,Xuất kho bán hàng ORD00427,2025-03-15
MOV01202,PROD0046,SALE,3,51,48,173000,Xuất kho bán hàng ORD00427,2025-03-15
MOV01203,PROD0048,SALE,3,32,29,50000,Xuất kho bán hàng ORD00427,2025-03-15
MOV01204,PROD0009,SALE,3,44,41,12000,Xuất kho bán hàng ORD00428,2025-03-16
MOV01205,PROD0097,SALE,1,20,19,10000,Xuất kho bán hàng ORD00428,2025-03-16
MOV01206,PROD0092,SALE,2,39,37,25000,Xuất kho bán hàng ORD00428,2025-03-16
MOV01207,PROD0038,SALE,3,50,47,30000,Xuất kho bán hàng ORD00428,2025-03-16
MOV01208,PROD0093,SALE,1,28,27,24000,Xuất kho bán hàng ORD00429,2025-03-16
MOV01209,PROD0110,SALE,1,25,24,20000,Xuất kho bán hàng ORD00430,2025-03-16
MOV01210,PROD0056,SALE,3,31,28,15000,Xuất kho bán hàng ORD00430,2025-03-16
MOV01211,PROD0100,SALE,2,34,32,9000,Xuất kho bán hàng ORD00430,2025-03-16
MOV01212,PROD0112,SALE,1,49,48,12000,Xuất kho bán hàng ORD00431,2025-03-16
MOV01213,PROD0038,SALE,2,47,45,30000,Xuất kho bán hàng ORD00431,2025-03-16
MOV01214,PROD0021,SALE,2,31,29,45000,Xuất kho bán hàng ORD00432,2025-03-16
MOV01215,PROD0079,SALE,3,24,21,30000,Xuất kho bán hàng ORD00432,2025-03-16
MOV01216,PROD0098,SALE,2,43,41,15000,Xuất kho bán hàng ORD00433,2025-03-17
MOV01217,PROD0022,SALE,2,38,36,45000,Xuất kho bán hàng ORD00433,2025-03-17
MOV01218,PROD0076,SALE,1,43,42,30000,Xuất kho bán hàng ORD00433,2025-03-17
MOV01219,PROD0045,SALE,2,44,42,25000,Xuất kho bán hàng ORD00433,2025-03-17
MOV01220,PROD0073,SALE,2,28,26,15000,Xuất kho bán hàng ORD00434,2025-03-17
MOV01221,PROD0024,SALE,3,34,31,12000,Xuất kho bán hàng ORD00434,2025-03-17
MOV01222,PROD0081,SALE,1,6,5,12000,Xuất kho bán hàng ORD00434,2025-03-17
MOV01223,PROD0045,SALE,2,42,40,25000,Xuất kho bán hàng ORD00434,2025-03-17
MOV01224,PROD0011,SALE,3,30,27,100000,Xuất kho bán hàng ORD00435,2025-03-17
MOV01225,PROD0015,SALE,2,32,30,40000,Xuất kho bán hàng ORD00435,2025-03-17
MOV01226,PROD0013,SALE,3,26,23,25000,Xuất kho bán hàng ORD00435,2025-03-17
MOV01227,PROD0020,SALE,2,42,40,12000,Xuất kho bán hàng ORD00436,2025-03-17
MOV01228,PROD0117,SALE,2,31,29,100000,Xuất kho bán hàng ORD00436,2025-03-17
MOV01229,PROD0038,SALE,3,45,42,30000,Xuất kho bán hàng ORD00437,2025-03-18
MOV01230,PROD0122,SALE,2,50,48,60000,Xuất kho bán hàng ORD00437,2025-03-18
MOV01231,PROD0106,SALE,2,62,60,25000,Xuất kho bán hàng ORD00438,2025-03-18
MOV01232,PROD0010,SALE,1,20,19,18000,Xuất kho bán hàng ORD00438,2025-03-18
MOV01233,PROD0106,SALE,2,60,58,25000,Xuất kho bán hàng ORD00439,2025-03-18
MOV01234,PROD0034,SALE,3,64,61,20000,Xuất kho bán hàng ORD00439,2025-03-18
MOV01235,PROD0088,SALE,2,43,41,31000,Xuất kho bán hàng ORD00439,2025-03-18
MOV01236,PROD0067,SALE,3,37,34,30000,Xuất kho bán hàng ORD00440,2025-03-18
MOV01237,PROD0026,SALE,2,20,18,5000,Xuất kho bán hàng ORD00440,2025-03-18
MOV01238,PROD0118,SALE,2,61,59,38000,Xuất kho bán hàng ORD00441,2025-03-18
MOV01239,PROD0101,SALE,1,28,27,10000,Xuất kho bán hàng ORD00442,2025-03-18
MOV01240,PROD0067,SALE,3,34,31,30000,Xuất kho bán hàng ORD00443,2025-03-19
MOV01241,PROD0079,SALE,3,21,18,30000,Xuất kho bán hàng ORD00443,2025-03-19
MOV01242,PROD0117,SALE,2,29,27,100000,Xuất kho bán hàng ORD00443,2025-03-19
MOV01243,PROD0057,SALE,3,24,21,35000,Xuất kho bán hàng ORD00444,2025-03-19
MOV01244,PROD0081,SALE,1,5,4,12000,Xuất kho bán hàng ORD00444,2025-03-19
MOV01245,PROD0059,SALE,3,32,29,234000,Xuất kho bán hàng ORD00445,2025-03-19
MOV01246,PROD0008,SALE,3,76,73,28000,Xuất kho bán hàng ORD00446,2025-03-19
MOV01247,PROD0080,SALE,3,34,31,10000,Xuất kho bán hàng ORD00447,2025-03-19
MOV01248,PROD0094,SALE,2,47,45,8000,Xuất kho bán hàng ORD00447,2025-03-19
MOV01249,PROD0086,SALE,2,35,33,22000,Xuất kho bán hàng ORD00447,2025-03-19
MOV01250,PROD0093,SALE,1,27,26,24000,Xuất kho bán hàng ORD00448,2025-03-20
MOV01251,PROD0111,SALE,1,50,49,32000,Xuất kho bán hàng ORD00448,2025-03-20
MOV01252,PROD0103,SALE,1,33,32,50000,Xuất kho bán hàng ORD00448,2025-03-20
MOV01253,PROD0002,SALE,2,53,51,25000,Xuất kho bán hàng ORD00448,2025-03-20
MOV01254,PROD0001,SALE,2,10,8,30000,Xuất kho bán hàng ORD00449,2025-03-20
MOV01255,PROD0038,SALE,3,42,39,30000,Xuất kho bán hàng ORD00449,2025-03-20
MOV01256,PROD0100,SALE,1,32,31,9000,Xuất kho bán hàng ORD00449,2025-03-20
MOV01257,PROD0109,SALE,1,43,42,9000,Xuất kho bán hàng ORD00450,2025-03-20
MOV01258,PROD0058,SALE,3,46,43,28000,Xuất kho bán hàng ORD00451,2025-03-20
MOV01259,PROD0109,SALE,1,42,41,9000,Xuất kho bán hàng ORD00451,2025-03-20
MOV01260,PROD0008,SALE,3,73,70,28000,Xuất kho bán hàng ORD00452,2025-03-20
MOV01261,PROD0003,SALE,1,22,21,20000,Xuất kho bán hàng ORD00452,2025-03-20
MOV01262,PROD0056,SALE,1,28,27,15000,Xuất kho bán hàng ORD00452,2025-03-20
MOV01263,PROD0064,SALE,3,63,60,10000,Xuất kho bán hàng ORD00452,2025-03-20
MOV01264,PROD0081,SALE,1,4,3,12000,Xuất kho bán hàng ORD00453,2025-03-20
MOV01265,PROD0114,SALE,1,73,72,50000,Xuất kho bán hàng ORD00453,2025-03-20
MOV01266,PROD0027,SALE,2,24,22,12000,Xuất kho bán hàng ORD00454,2025-03-20
MOV01267,PROD0113,SALE,1,35,34,10000,Xuất kho bán hàng ORD00454,2025-03-20
MOV01268,PROD0059,SALE,2,29,27,234000,Xuất kho bán hàng ORD00454,2025-03-20
MOV01269,PROD0063,SALE,1,55,54,12000,Xuất kho bán hàng ORD00455,2025-03-21
MOV01270,PROD0103,SALE,1,32,31,50000,Xuất kho bán hàng ORD00455,2025-03-21
MOV01271,PROD0105,SALE,2,42,40,12000,Xuất kho bán hàng ORD00456,2025-03-21
MOV01272,PROD0107,SALE,2,27,25,12000,Xuất kho bán hàng ORD00456,2025-03-21
MOV01273,PROD0122,SALE,2,48,46,60000,Xuất kho bán hàng ORD00456,2025-03-21
MOV01274,PROD0123,SALE,2,55,53,90000,Xuất kho bán hàng ORD00457,2025-03-21
MOV01275,PROD0029,SALE,2,38,36,12000,Xuất kho bán hàng ORD00457,2025-03-21
MOV01276,PROD0080,SALE,3,31,28,10000,Xuất kho bán hàng ORD00457,2025-03-21
MOV01277,PROD0094,SALE,1,45,44,8000,Xuất kho bán hàng ORD00458,2025-03-21
MOV01278,PROD0121,SALE,1,54,53,35000,Xuất kho bán hàng ORD00458,2025-03-21
MOV01279,PROD0023,SALE,2,42,40,25000,Xuất kho bán hàng ORD00459,2025-03-21
MOV01280,PROD0052,SALE,1,42,41,12000,Xuất kho bán hàng ORD00459,2025-03-21
MOV01281,PROD0084,SALE,2,45,43,9000,Xuất kho bán hàng ORD00459,2025-03-21
MOV01282,PROD0076,SALE,1,42,41,30000,Xuất kho bán hàng ORD00460,2025-03-21
MOV01283,PROD0051,SALE,1,58,57,8000,Xuất kho bán hàng ORD00460,2025-03-21
MOV01284,PROD0072,SALE,2,42,40,22000,Xuất kho bán hàng ORD00461,2025-03-21
MOV01285,PROD0120,SALE,1,28,27,30000,Xuất kho bán hàng ORD00461,2025-03-21
MOV01286,PROD0051,SALE,3,57,54,8000,Xuất kho bán hàng ORD00461,2025-03-21
MOV01287,PROD0063,SALE,1,54,53,12000,Xuất kho bán hàng ORD00462,2025-03-22
MOV01288,PROD0057,SALE,2,21,19,35000,Xuất kho bán hàng ORD00462,2025-03-22
MOV01289,PROD0046,SALE,3,48,45,173000,Xuất kho bán hàng ORD00462,2025-03-22
MOV01290,PROD0003,SALE,2,21,19,20000,Xuất kho bán hàng ORD00463,2025-03-22
MOV01291,PROD0089,SALE,1,56,55,8000,Xuất kho bán hàng ORD00463,2025-03-22
MOV01292,PROD0112,SALE,2,48,46,12000,Xuất kho bán hàng ORD00463,2025-03-22
MOV01293,PROD0042,SALE,2,39,37,9000,Xuất kho bán hàng ORD00464,2025-03-22
MOV01294,PROD0108,SALE,2,33,31,30000,Xuất kho bán hàng ORD00464,2025-03-22
MOV01295,PROD0112,SALE,2,46,44,12000,Xuất kho bán hàng ORD00464,2025-03-22
MOV01296,PROD0122,SALE,2,46,44,60000,Xuất kho bán hàng ORD00465,2025-03-22
MOV01297,PROD0005,SALE,1,17,16,25000,Xuất kho bán hàng ORD00465,2025-03-22
MOV01298,PROD0049,SALE,2,38,36,20000,Xuất kho bán hàng ORD00466,2025-03-22
MOV01299,PROD0021,SALE,2,29,27,45000,Xuất kho bán hàng ORD00466,2025-03-22
MOV01300,PROD0009,SALE,2,41,39,12000,Xuất kho bán hàng ORD00466,2025-03-22
MOV01301,PROD0065,SALE,3,13,10,10000,Xuất kho bán hàng ORD00466,2025-03-22
MOV01302,PROD0001,SALE,1,8,7,30000,Xuất kho bán hàng ORD00467,2025-03-22
MOV01303,PROD0036,SALE,2,30,28,35000,Xuất kho bán hàng ORD00467,2025-03-22
MOV01304,PROD0011,SALE,1,27,26,100000,Xuất kho bán hàng ORD00467,2025-03-22
MOV01305,PROD0004,SALE,1,44,43,17000,Xuất kho bán hàng ORD00467,2025-03-22
MOV01306,PROD0104,SALE,1,13,12,50000,Xuất kho bán hàng ORD00468,2025-03-23
MOV01307,PROD0040,SALE,1,53,52,40000,Xuất kho bán hàng ORD00468,2025-03-23
MOV01308,PROD0115,SALE,2,20,18,40000,Xuất kho bán hàng ORD00469,2025-03-23
MOV01309,PROD0093,SALE,2,26,24,24000,Xuất kho bán hàng ORD00470,2025-03-23
MOV01310,PROD0120,SALE,3,27,24,30000,Xuất kho bán hàng ORD00470,2025-03-23
MOV01311,PROD0076,SALE,1,41,40,30000,Xuất kho bán hàng ORD00471,2025-03-23
MOV01312,PROD0020,SALE,1,40,39,12000,Xuất kho bán hàng ORD00472,2025-03-23
MOV01313,PROD0018,SALE,1,36,35,125000,Xuất kho bán hàng ORD00472,2025-03-23
MOV01314,PROD0102,SALE,2,56,54,14000,Xuất kho bán hàng ORD00472,2025-03-23
MOV01315,PROD0023,SALE,1,40,39,25000,Xuất kho bán hàng ORD00473,2025-03-23
MOV01316,PROD0093,SALE,2,24,22,24000,Xuất kho bán hàng ORD00473,2025-03-23
MOV01317,PROD0078,SALE,2,41,39,12000,Xuất kho bán hàng ORD00473,2025-03-23
MOV01318,PROD0080,SALE,1,28,27,10000,Xuất kho bán hàng ORD00474,2025-03-23
MOV01319,PROD0119,SALE,1,53,52,75000,Xuất kho bán hàng ORD00474,2025-03-23
MOV01320,PROD0114,SALE,1,72,71,50000,Xuất kho bán hàng ORD00474,2025-03-23
MOV01321,PROD0026,SALE,1,18,17,5000,Xuất kho bán hàng ORD00475,2025-03-24
MOV01322,PROD0067,SALE,3,31,28,30000,Xuất kho bán hàng ORD00475,2025-03-24
MOV01323,PROD0001,SALE,2,7,5,30000,Xuất kho bán hàng ORD00476,2025-03-24
MOV01324,PROD0053,SALE,3,19,16,40000,Xuất kho bán hàng ORD00476,2025-03-24
MOV01325,PROD0036,SALE,1,28,27,35000,Xuất kho bán hàng ORD00476,2025-03-24
MOV01326,PROD0057,SALE,2,19,17,35000,Xuất kho bán hàng ORD00477,2025-03-24
MOV01327,PROD0057,SALE,1,17,16,35000,Xuất kho bán hàng ORD00478,2025-03-24
MOV01328,PROD0004,SALE,2,43,41,17000,Xuất kho bán hàng ORD00478,2025-03-24
MOV01329,PROD0073,SALE,2,26,24,15000,Xuất kho bán hàng ORD00479,2025-03-24
MOV01330,PROD0081,SALE,3,3,0,12000,Xuất kho bán hàng ORD00479,2025-03-24
MOV01331,PROD0003,SALE,2,19,17,20000,Xuất kho bán hàng ORD00479,2025-03-24
MOV01332,PROD0028,SALE,3,70,67,5000,Xuất kho bán hàng ORD00480,2025-03-24
MOV01333,PROD0102,SALE,1,54,53,14000,Xuất kho bán hàng ORD00481,2025-03-24
MOV01334,PROD0103,SALE,1,31,30,50000,Xuất kho bán hàng ORD00481,2025-03-24
MOV01335,PROD0043,SALE,1,48,47,18000,Xuất kho bán hàng ORD00481,2025-03-24
MOV01336,PROD0080,SALE,1,27,26,10000,Xuất kho bán hàng ORD00482,2025-03-24
MOV01337,PROD0100,SALE,2,31,29,9000,Xuất kho bán hàng ORD00482,2025-03-24
MOV01338,PROD0116,SALE,2,43,41,45000,Xuất kho bán hàng ORD00482,2025-03-24
MOV01339,PROD0030,SALE,2,35,33,10000,Xuất kho bán hàng ORD00482,2025-03-24
MOV01340,PROD0017,SALE,1,47,46,50000,Xuất kho bán hàng ORD00483,2025-03-25
MOV01341,PROD0047,SALE,1,52,51,22000,Xuất kho bán hàng ORD00483,2025-03-25
MOV01342,PROD0005,SALE,3,16,13,25000,Xuất kho bán hàng ORD00483,2025-03-25
MOV01343,PROD0050,SALE,1,58,57,5000,Xuất kho bán hàng ORD00484,2025-03-25
MOV01344,PROD0011,SALE,1,26,25,100000,Xuất kho bán hàng ORD00485,2025-03-25
MOV01345,PROD0115,SALE,3,18,15,40000,Xuất kho bán hàng ORD00485,2025-03-25
MOV01346,PROD0012,SALE,1,38,37,75000,Xuất kho bán hàng ORD00486,2025-03-25
MOV01347,PROD0052,SALE,3,41,38,12000,Xuất kho bán hàng ORD00486,2025-03-25
MOV01348,PROD0061,SALE,3,42,39,20000,Xuất kho bán hàng ORD00486,2025-03-25
MOV01349,PROD0121,SALE,1,53,52,35000,Xuất kho bán hàng ORD00486,2025-03-25
MOV01350,PROD0012,SALE,3,37,34,75000,Xuất kho bán hàng ORD00487,2025-03-26
MOV01351,PROD0025,SALE,2,15,13,5000,Xuất kho bán hàng ORD00487,2025-03-26
MOV01352,PROD0010,SALE,2,19,17,18000,Xuất kho bán hàng ORD00487,2025-03-26
MOV01353,PROD0109,SALE,1,41,40,9000,Xuất kho bán hàng ORD00487,2025-03-26
MOV01354,PROD0067,SALE,1,28,27,30000,Xuất kho bán hàng ORD00488,2025-03-26
MOV01355,PROD0079,SALE,2,18,16,30000,Xuất kho bán hàng ORD00489,2025-03-26
MOV01356,PROD0081,IMPORT,60,0,60,9000,Nhập bổ sung tự động khi tồn thấp,2025-03-26
MOV01357,PROD0081,SALE,2,60,58,12000,Xuất kho bán hàng ORD00489,2025-03-26
MOV01358,PROD0108,SALE,2,31,29,30000,Xuất kho bán hàng ORD00489,2025-03-26
MOV01359,PROD0099,SALE,2,37,35,22000,Xuất kho bán hàng ORD00490,2025-03-26
MOV01360,PROD0025,SALE,1,13,12,5000,Xuất kho bán hàng ORD00490,2025-03-26
MOV01361,PROD0070,SALE,1,20,19,22000,Xuất kho bán hàng ORD00490,2025-03-26
MOV01362,PROD0058,SALE,3,43,40,28000,Xuất kho bán hàng ORD00490,2025-03-26
MOV01363,PROD0103,SALE,1,30,29,50000,Xuất kho bán hàng ORD00491,2025-03-27
MOV01364,PROD0085,SALE,1,71,70,48000,Xuất kho bán hàng ORD00492,2025-03-27
MOV01365,PROD0010,SALE,3,17,14,18000,Xuất kho bán hàng ORD00492,2025-03-27
MOV01366,PROD0087,SALE,2,34,32,22000,Xuất kho bán hàng ORD00492,2025-03-27
MOV01367,PROD0096,SALE,1,60,59,8000,Xuất kho bán hàng ORD00492,2025-03-27
MOV01368,PROD0115,SALE,2,15,13,40000,Xuất kho bán hàng ORD00493,2025-03-27
MOV01369,PROD0013,SALE,1,23,22,25000,Xuất kho bán hàng ORD00493,2025-03-27
MOV01370,PROD0065,SALE,1,10,9,10000,Xuất kho bán hàng ORD00493,2025-03-27
MOV01371,PROD0118,SALE,1,59,58,38000,Xuất kho bán hàng ORD00493,2025-03-27
MOV01372,PROD0093,SALE,2,22,20,24000,Xuất kho bán hàng ORD00494,2025-03-27
MOV01373,PROD0013,SALE,1,22,21,25000,Xuất kho bán hàng ORD00495,2025-03-27
MOV01374,PROD0061,SALE,3,39,36,20000,Xuất kho bán hàng ORD00496,2025-03-27
MOV01375,PROD0093,SALE,1,20,19,24000,Xuất kho bán hàng ORD00496,2025-03-27
MOV01376,PROD0050,SALE,3,57,54,5000,Xuất kho bán hàng ORD00497,2025-03-27
MOV01377,PROD0042,SALE,1,37,36,9000,Xuất kho bán hàng ORD00498,2025-03-27
MOV01378,PROD0025,SALE,2,12,10,5000,Xuất kho bán hàng ORD00498,2025-03-27
MOV01379,PROD0026,SALE,1,17,16,5000,Xuất kho bán hàng ORD00499,2025-03-28
MOV01380,PROD0006,SALE,2,41,39,15000,Xuất kho bán hàng ORD00499,2025-03-28
MOV01381,PROD0086,SALE,1,33,32,22000,Xuất kho bán hàng ORD00499,2025-03-28
MOV01382,PROD0047,SALE,3,51,48,22000,Xuất kho bán hàng ORD00500,2025-03-28
MOV01383,PROD0071,SALE,2,22,20,20000,Xuất kho bán hàng ORD00501,2025-03-28
MOV01384,PROD0054,SALE,1,33,32,25000,Xuất kho bán hàng ORD00501,2025-03-28
MOV01385,PROD0112,SALE,1,44,43,12000,Xuất kho bán hàng ORD00501,2025-03-28
MOV01386,PROD0028,SALE,2,67,65,5000,Xuất kho bán hàng ORD00502,2025-03-28
MOV01387,PROD0092,SALE,1,37,36,25000,Xuất kho bán hàng ORD00503,2025-03-28
MOV01388,PROD0112,SALE,1,43,42,12000,Xuất kho bán hàng ORD00503,2025-03-28
MOV01389,PROD0090,SALE,1,31,30,12000,Xuất kho bán hàng ORD00503,2025-03-28
MOV01390,PROD0016,SALE,3,39,36,150000,Xuất kho bán hàng ORD00503,2025-03-28
MOV01391,PROD0112,SALE,2,42,40,12000,Xuất kho bán hàng ORD00504,2025-03-29
MOV01392,PROD0047,SALE,3,48,45,22000,Xuất kho bán hàng ORD00504,2025-03-29
MOV01393,PROD0034,SALE,1,61,60,20000,Xuất kho bán hàng ORD00504,2025-03-29
MOV01394,PROD0002,SALE,2,51,49,25000,Xuất kho bán hàng ORD00505,2025-03-29
MOV01395,PROD0009,SALE,2,39,37,12000,Xuất kho bán hàng ORD00506,2025-03-29
MOV01396,PROD0060,SALE,1,20,19,10000,Xuất kho bán hàng ORD00506,2025-03-29
MOV01397,PROD0052,SALE,3,38,35,12000,Xuất kho bán hàng ORD00506,2025-03-29
MOV01398,PROD0080,SALE,1,26,25,10000,Xuất kho bán hàng ORD00507,2025-03-29
MOV01399,PROD0083,SALE,3,44,41,12000,Xuất kho bán hàng ORD00507,2025-03-29
MOV01400,PROD0018,SALE,2,35,33,125000,Xuất kho bán hàng ORD00507,2025-03-29
MOV01401,PROD0054,SALE,1,32,31,25000,Xuất kho bán hàng ORD00507,2025-03-29
MOV01402,PROD0029,SALE,3,36,33,12000,Xuất kho bán hàng ORD00508,2025-03-29
MOV01403,PROD0030,SALE,1,33,32,10000,Xuất kho bán hàng ORD00508,2025-03-29
MOV01404,PROD0094,SALE,1,44,43,8000,Xuất kho bán hàng ORD00508,2025-03-29
MOV01405,PROD0022,SALE,1,36,35,45000,Xuất kho bán hàng ORD00508,2025-03-29
MOV01406,PROD0016,SALE,3,36,33,150000,Xuất kho bán hàng ORD00509,2025-03-30
MOV01407,PROD0005,SALE,2,13,11,25000,Xuất kho bán hàng ORD00510,2025-03-30
MOV01408,PROD0071,SALE,2,20,18,20000,Xuất kho bán hàng ORD00511,2025-03-30
MOV01409,PROD0118,SALE,2,58,56,38000,Xuất kho bán hàng ORD00511,2025-03-30
MOV01410,PROD0098,SALE,1,41,40,15000,Xuất kho bán hàng ORD00511,2025-03-30
MOV01411,PROD0045,SALE,2,40,38,25000,Xuất kho bán hàng ORD00511,2025-03-30
MOV01412,PROD0016,SALE,3,33,30,150000,Xuất kho bán hàng ORD00512,2025-03-30
MOV01413,PROD0007,SALE,2,40,38,20000,Xuất kho bán hàng ORD00512,2025-03-30
MOV01414,PROD0038,SALE,2,39,37,30000,Xuất kho bán hàng ORD00513,2025-03-30
MOV01415,PROD0106,SALE,1,58,57,25000,Xuất kho bán hàng ORD00514,2025-03-30
MOV01416,PROD0053,SALE,3,16,13,40000,Xuất kho bán hàng ORD00514,2025-03-30
MOV01417,PROD0036,SALE,2,27,25,35000,Xuất kho bán hàng ORD00514,2025-03-30
MOV01418,PROD0117,SALE,1,27,26,100000,Xuất kho bán hàng ORD00515,2025-03-31
MOV01419,PROD0081,SALE,1,58,57,12000,Xuất kho bán hàng ORD00515,2025-03-31
MOV01420,PROD0054,SALE,3,31,28,25000,Xuất kho bán hàng ORD00515,2025-03-31
MOV01421,PROD0117,SALE,2,26,24,100000,Xuất kho bán hàng ORD00516,2025-03-31
MOV01422,PROD0018,SALE,3,33,30,125000,Xuất kho bán hàng ORD00516,2025-03-31
MOV01423,PROD0028,SALE,3,65,62,5000,Xuất kho bán hàng ORD00516,2025-03-31
MOV01424,PROD0016,SALE,1,30,29,150000,Xuất kho bán hàng ORD00516,2025-03-31
MOV01425,PROD0006,SALE,3,39,36,15000,Xuất kho bán hàng ORD00517,2025-03-31
MOV01426,PROD0099,SALE,1,35,34,22000,Xuất kho bán hàng ORD00517,2025-03-31
MOV01427,PROD0031,SALE,1,82,81,35000,Xuất kho bán hàng ORD00517,2025-03-31
MOV01428,PROD0001,SALE,2,5,3,30000,Xuất kho bán hàng ORD00518,2025-03-31
MOV01429,PROD0114,SALE,1,71,70,50000,Xuất kho bán hàng ORD00518,2025-03-31
MOV01430,PROD0024,SALE,1,31,30,12000,Xuất kho bán hàng ORD00518,2025-03-31
MOV01431,PROD0009,SALE,3,37,34,12000,Xuất kho bán hàng ORD00519,2025-03-31
MOV01432,PROD0049,SALE,1,36,35,20000,Xuất kho bán hàng ORD00519,2025-03-31
MOV01433,PROD0010,SALE,1,14,13,18000,Xuất kho bán hàng ORD00519,2025-03-31
